"buying","maint","doors","persons","lug_boot","safety","class"
"vhigh","vhigh","2Puertas","2P","small","low","unacc"
"vhigh","vhigh","2Puertas","2P","small","med","unacc"
"vhigh","vhigh","2Puertas","2P","small","high","unacc"
"vhigh","vhigh","2Puertas","2P","med","low","unacc"
"vhigh","vhigh","2Puertas","2P","med","med","unacc"
"vhigh","vhigh","2Puertas","2P","med","high","unacc"
"vhigh","vhigh","2Puertas","2P","big","low","unacc"
"vhigh","vhigh","2Puertas","2P","big","med","unacc"
"vhigh","vhigh","2Puertas","2P","big","high","unacc"
"vhigh","vhigh","2Puertas","4P","small","low","unacc"
"vhigh","vhigh","2Puertas","4P","small","med","unacc"
"vhigh","vhigh","2Puertas","4P","small","high","unacc"
"vhigh","vhigh","2Puertas","4P","med","low","unacc"
"vhigh","vhigh","2Puertas","4P","med","med","unacc"
"vhigh","vhigh","2Puertas","4P","med","high","unacc"
"vhigh","vhigh","2Puertas","4P","big","low","unacc"
"vhigh","vhigh","2Puertas","4P","big","med","unacc"
"vhigh","vhigh","2Puertas","4P","big","high","unacc"
"vhigh","vhigh","2Puertas","4Mas","small","low","unacc"
"vhigh","vhigh","2Puertas","4Mas","small","med","unacc"
"vhigh","vhigh","2Puertas","4Mas","small","high","unacc"
"vhigh","vhigh","2Puertas","4Mas","med","low","unacc"
"vhigh","vhigh","2Puertas","4Mas","med","med","unacc"
"vhigh","vhigh","2Puertas","4Mas","med","high","unacc"
"vhigh","vhigh","2Puertas","4Mas","big","low","unacc"
"vhigh","vhigh","2Puertas","4Mas","big","med","unacc"
"vhigh","vhigh","2Puertas","4Mas","big","high","unacc"
"vhigh","vhigh","3Puertas","2P","small","low","unacc"
"vhigh","vhigh","3Puertas","2P","small","med","unacc"
"vhigh","vhigh","3Puertas","2P","small","high","unacc"
"vhigh","vhigh","3Puertas","2P","med","low","unacc"
"vhigh","vhigh","3Puertas","2P","med","med","unacc"
"vhigh","vhigh","3Puertas","2P","med","high","unacc"
"vhigh","vhigh","3Puertas","2P","big","low","unacc"
"vhigh","vhigh","3Puertas","2P","big","med","unacc"
"vhigh","vhigh","3Puertas","2P","big","high","unacc"
"vhigh","vhigh","3Puertas","4P","small","low","unacc"
"vhigh","vhigh","3Puertas","4P","small","med","unacc"
"vhigh","vhigh","3Puertas","4P","small","high","unacc"
"vhigh","vhigh","3Puertas","4P","med","low","unacc"
"vhigh","vhigh","3Puertas","4P","med","med","unacc"
"vhigh","vhigh","3Puertas","4P","med","high","unacc"
"vhigh","vhigh","3Puertas","4P","big","low","unacc"
"vhigh","vhigh","3Puertas","4P","big","med","unacc"
"vhigh","vhigh","3Puertas","4P","big","high","unacc"
"vhigh","vhigh","3Puertas","4Mas","small","low","unacc"
"vhigh","vhigh","3Puertas","4Mas","small","med","unacc"
"vhigh","vhigh","3Puertas","4Mas","small","high","unacc"
"vhigh","vhigh","3Puertas","4Mas","med","low","unacc"
"vhigh","vhigh","3Puertas","4Mas","med","med","unacc"
"vhigh","vhigh","3Puertas","4Mas","med","high","unacc"
"vhigh","vhigh","3Puertas","4Mas","big","low","unacc"
"vhigh","vhigh","3Puertas","4Mas","big","med","unacc"
"vhigh","vhigh","3Puertas","4Mas","big","high","unacc"
"vhigh","vhigh","4Puertas","2P","small","low","unacc"
"vhigh","vhigh","4Puertas","2P","small","med","unacc"
"vhigh","vhigh","4Puertas","2P","small","high","unacc"
"vhigh","vhigh","4Puertas","2P","med","low","unacc"
"vhigh","vhigh","4Puertas","2P","med","med","unacc"
"vhigh","vhigh","4Puertas","2P","med","high","unacc"
"vhigh","vhigh","4Puertas","2P","big","low","unacc"
"vhigh","vhigh","4Puertas","2P","big","med","unacc"
"vhigh","vhigh","4Puertas","2P","big","high","unacc"
"vhigh","vhigh","4Puertas","4P","small","low","unacc"
"vhigh","vhigh","4Puertas","4P","small","med","unacc"
"vhigh","vhigh","4Puertas","4P","small","high","unacc"
"vhigh","vhigh","4Puertas","4P","med","low","unacc"
"vhigh","vhigh","4Puertas","4P","med","med","unacc"
"vhigh","vhigh","4Puertas","4P","med","high","unacc"
"vhigh","vhigh","4Puertas","4P","big","low","unacc"
"vhigh","vhigh","4Puertas","4P","big","med","unacc"
"vhigh","vhigh","4Puertas","4P","big","high","unacc"
"vhigh","vhigh","4Puertas","4Mas","small","low","unacc"
"vhigh","vhigh","4Puertas","4Mas","small","med","unacc"
"vhigh","vhigh","4Puertas","4Mas","small","high","unacc"
"vhigh","vhigh","4Puertas","4Mas","med","low","unacc"
"vhigh","vhigh","4Puertas","4Mas","med","med","unacc"
"vhigh","vhigh","4Puertas","4Mas","med","high","unacc"
"vhigh","vhigh","4Puertas","4Mas","big","low","unacc"
"vhigh","vhigh","4Puertas","4Mas","big","med","unacc"
"vhigh","vhigh","4Puertas","4Mas","big","high","unacc"
"vhigh","vhigh","5Mas","2P","small","low","unacc"
"vhigh","vhigh","5Mas","2P","small","med","unacc"
"vhigh","vhigh","5Mas","2P","small","high","unacc"
"vhigh","vhigh","5Mas","2P","med","low","unacc"
"vhigh","vhigh","5Mas","2P","med","med","unacc"
"vhigh","vhigh","5Mas","2P","med","high","unacc"
"vhigh","vhigh","5Mas","2P","big","low","unacc"
"vhigh","vhigh","5Mas","2P","big","med","unacc"
"vhigh","vhigh","5Mas","2P","big","high","unacc"
"vhigh","vhigh","5Mas","4P","small","low","unacc"
"vhigh","vhigh","5Mas","4P","small","med","unacc"
"vhigh","vhigh","5Mas","4P","small","high","unacc"
"vhigh","vhigh","5Mas","4P","med","low","unacc"
"vhigh","vhigh","5Mas","4P","med","med","unacc"
"vhigh","vhigh","5Mas","4P","med","high","unacc"
"vhigh","vhigh","5Mas","4P","big","low","unacc"
"vhigh","vhigh","5Mas","4P","big","med","unacc"
"vhigh","vhigh","5Mas","4P","big","high","unacc"
"vhigh","vhigh","5Mas","4Mas","small","low","unacc"
"vhigh","vhigh","5Mas","4Mas","small","med","unacc"
"vhigh","vhigh","5Mas","4Mas","small","high","unacc"
"vhigh","vhigh","5Mas","4Mas","med","low","unacc"
"vhigh","vhigh","5Mas","4Mas","med","med","unacc"
"vhigh","vhigh","5Mas","4Mas","med","high","unacc"
"vhigh","vhigh","5Mas","4Mas","big","low","unacc"
"vhigh","vhigh","5Mas","4Mas","big","med","unacc"
"vhigh","vhigh","5Mas","4Mas","big","high","unacc"
"vhigh","high","2Puertas","2P","small","low","unacc"
"vhigh","high","2Puertas","2P","small","med","unacc"
"vhigh","high","2Puertas","2P","small","high","unacc"
"vhigh","high","2Puertas","2P","med","low","unacc"
"vhigh","high","2Puertas","2P","med","med","unacc"
"vhigh","high","2Puertas","2P","med","high","unacc"
"vhigh","high","2Puertas","2P","big","low","unacc"
"vhigh","high","2Puertas","2P","big","med","unacc"
"vhigh","high","2Puertas","2P","big","high","unacc"
"vhigh","high","2Puertas","4P","small","low","unacc"
"vhigh","high","2Puertas","4P","small","med","unacc"
"vhigh","high","2Puertas","4P","small","high","unacc"
"vhigh","high","2Puertas","4P","med","low","unacc"
"vhigh","high","2Puertas","4P","med","med","unacc"
"vhigh","high","2Puertas","4P","med","high","unacc"
"vhigh","high","2Puertas","4P","big","low","unacc"
"vhigh","high","2Puertas","4P","big","med","unacc"
"vhigh","high","2Puertas","4P","big","high","unacc"
"vhigh","high","2Puertas","4Mas","small","low","unacc"
"vhigh","high","2Puertas","4Mas","small","med","unacc"
"vhigh","high","2Puertas","4Mas","small","high","unacc"
"vhigh","high","2Puertas","4Mas","med","low","unacc"
"vhigh","high","2Puertas","4Mas","med","med","unacc"
"vhigh","high","2Puertas","4Mas","med","high","unacc"
"vhigh","high","2Puertas","4Mas","big","low","unacc"
"vhigh","high","2Puertas","4Mas","big","med","unacc"
"vhigh","high","2Puertas","4Mas","big","high","unacc"
"vhigh","high","3Puertas","2P","small","low","unacc"
"vhigh","high","3Puertas","2P","small","med","unacc"
"vhigh","high","3Puertas","2P","small","high","unacc"
"vhigh","high","3Puertas","2P","med","low","unacc"
"vhigh","high","3Puertas","2P","med","med","unacc"
"vhigh","high","3Puertas","2P","med","high","unacc"
"vhigh","high","3Puertas","2P","big","low","unacc"
"vhigh","high","3Puertas","2P","big","med","unacc"
"vhigh","high","3Puertas","2P","big","high","unacc"
"vhigh","high","3Puertas","4P","small","low","unacc"
"vhigh","high","3Puertas","4P","small","med","unacc"
"vhigh","high","3Puertas","4P","small","high","unacc"
"vhigh","high","3Puertas","4P","med","low","unacc"
"vhigh","high","3Puertas","4P","med","med","unacc"
"vhigh","high","3Puertas","4P","med","high","unacc"
"vhigh","high","3Puertas","4P","big","low","unacc"
"vhigh","high","3Puertas","4P","big","med","unacc"
"vhigh","high","3Puertas","4P","big","high","unacc"
"vhigh","high","3Puertas","4Mas","small","low","unacc"
"vhigh","high","3Puertas","4Mas","small","med","unacc"
"vhigh","high","3Puertas","4Mas","small","high","unacc"
"vhigh","high","3Puertas","4Mas","med","low","unacc"
"vhigh","high","3Puertas","4Mas","med","med","unacc"
"vhigh","high","3Puertas","4Mas","med","high","unacc"
"vhigh","high","3Puertas","4Mas","big","low","unacc"
"vhigh","high","3Puertas","4Mas","big","med","unacc"
"vhigh","high","3Puertas","4Mas","big","high","unacc"
"vhigh","high","4Puertas","2P","small","low","unacc"
"vhigh","high","4Puertas","2P","small","med","unacc"
"vhigh","high","4Puertas","2P","small","high","unacc"
"vhigh","high","4Puertas","2P","med","low","unacc"
"vhigh","high","4Puertas","2P","med","med","unacc"
"vhigh","high","4Puertas","2P","med","high","unacc"
"vhigh","high","4Puertas","2P","big","low","unacc"
"vhigh","high","4Puertas","2P","big","med","unacc"
"vhigh","high","4Puertas","2P","big","high","unacc"
"vhigh","high","4Puertas","4P","small","low","unacc"
"vhigh","high","4Puertas","4P","small","med","unacc"
"vhigh","high","4Puertas","4P","small","high","unacc"
"vhigh","high","4Puertas","4P","med","low","unacc"
"vhigh","high","4Puertas","4P","med","med","unacc"
"vhigh","high","4Puertas","4P","med","high","unacc"
"vhigh","high","4Puertas","4P","big","low","unacc"
"vhigh","high","4Puertas","4P","big","med","unacc"
"vhigh","high","4Puertas","4P","big","high","unacc"
"vhigh","high","4Puertas","4Mas","small","low","unacc"
"vhigh","high","4Puertas","4Mas","small","med","unacc"
"vhigh","high","4Puertas","4Mas","small","high","unacc"
"vhigh","high","4Puertas","4Mas","med","low","unacc"
"vhigh","high","4Puertas","4Mas","med","med","unacc"
"vhigh","high","4Puertas","4Mas","med","high","unacc"
"vhigh","high","4Puertas","4Mas","big","low","unacc"
"vhigh","high","4Puertas","4Mas","big","med","unacc"
"vhigh","high","4Puertas","4Mas","big","high","unacc"
"vhigh","high","5Mas","2P","small","low","unacc"
"vhigh","high","5Mas","2P","small","med","unacc"
"vhigh","high","5Mas","2P","small","high","unacc"
"vhigh","high","5Mas","2P","med","low","unacc"
"vhigh","high","5Mas","2P","med","med","unacc"
"vhigh","high","5Mas","2P","med","high","unacc"
"vhigh","high","5Mas","2P","big","low","unacc"
"vhigh","high","5Mas","2P","big","med","unacc"
"vhigh","high","5Mas","2P","big","high","unacc"
"vhigh","high","5Mas","4P","small","low","unacc"
"vhigh","high","5Mas","4P","small","med","unacc"
"vhigh","high","5Mas","4P","small","high","unacc"
"vhigh","high","5Mas","4P","med","low","unacc"
"vhigh","high","5Mas","4P","med","med","unacc"
"vhigh","high","5Mas","4P","med","high","unacc"
"vhigh","high","5Mas","4P","big","low","unacc"
"vhigh","high","5Mas","4P","big","med","unacc"
"vhigh","high","5Mas","4P","big","high","unacc"
"vhigh","high","5Mas","4Mas","small","low","unacc"
"vhigh","high","5Mas","4Mas","small","med","unacc"
"vhigh","high","5Mas","4Mas","small","high","unacc"
"vhigh","high","5Mas","4Mas","med","low","unacc"
"vhigh","high","5Mas","4Mas","med","med","unacc"
"vhigh","high","5Mas","4Mas","med","high","unacc"
"vhigh","high","5Mas","4Mas","big","low","unacc"
"vhigh","high","5Mas","4Mas","big","med","unacc"
"vhigh","high","5Mas","4Mas","big","high","unacc"
"vhigh","med","2Puertas","2P","small","low","unacc"
"vhigh","med","2Puertas","2P","small","med","unacc"
"vhigh","med","2Puertas","2P","small","high","unacc"
"vhigh","med","2Puertas","2P","med","low","unacc"
"vhigh","med","2Puertas","2P","med","med","unacc"
"vhigh","med","2Puertas","2P","med","high","unacc"
"vhigh","med","2Puertas","2P","big","low","unacc"
"vhigh","med","2Puertas","2P","big","med","unacc"
"vhigh","med","2Puertas","2P","big","high","unacc"
"vhigh","med","2Puertas","4P","small","low","unacc"
"vhigh","med","2Puertas","4P","small","med","unacc"
"vhigh","med","2Puertas","4P","small","high","acc"
"vhigh","med","2Puertas","4P","med","low","unacc"
"vhigh","med","2Puertas","4P","med","med","unacc"
"vhigh","med","2Puertas","4P","med","high","acc"
"vhigh","med","2Puertas","4P","big","low","unacc"
"vhigh","med","2Puertas","4P","big","med","acc"
"vhigh","med","2Puertas","4P","big","high","acc"
"vhigh","med","2Puertas","4Mas","small","low","unacc"
"vhigh","med","2Puertas","4Mas","small","med","unacc"
"vhigh","med","2Puertas","4Mas","small","high","unacc"
"vhigh","med","2Puertas","4Mas","med","low","unacc"
"vhigh","med","2Puertas","4Mas","med","med","unacc"
"vhigh","med","2Puertas","4Mas","med","high","acc"
"vhigh","med","2Puertas","4Mas","big","low","unacc"
"vhigh","med","2Puertas","4Mas","big","med","acc"
"vhigh","med","2Puertas","4Mas","big","high","acc"
"vhigh","med","3Puertas","2P","small","low","unacc"
"vhigh","med","3Puertas","2P","small","med","unacc"
"vhigh","med","3Puertas","2P","small","high","unacc"
"vhigh","med","3Puertas","2P","med","low","unacc"
"vhigh","med","3Puertas","2P","med","med","unacc"
"vhigh","med","3Puertas","2P","med","high","unacc"
"vhigh","med","3Puertas","2P","big","low","unacc"
"vhigh","med","3Puertas","2P","big","med","unacc"
"vhigh","med","3Puertas","2P","big","high","unacc"
"vhigh","med","3Puertas","4P","small","low","unacc"
"vhigh","med","3Puertas","4P","small","med","unacc"
"vhigh","med","3Puertas","4P","small","high","acc"
"vhigh","med","3Puertas","4P","med","low","unacc"
"vhigh","med","3Puertas","4P","med","med","unacc"
"vhigh","med","3Puertas","4P","med","high","acc"
"vhigh","med","3Puertas","4P","big","low","unacc"
"vhigh","med","3Puertas","4P","big","med","acc"
"vhigh","med","3Puertas","4P","big","high","acc"
"vhigh","med","3Puertas","4Mas","small","low","unacc"
"vhigh","med","3Puertas","4Mas","small","med","unacc"
"vhigh","med","3Puertas","4Mas","small","high","acc"
"vhigh","med","3Puertas","4Mas","med","low","unacc"
"vhigh","med","3Puertas","4Mas","med","med","acc"
"vhigh","med","3Puertas","4Mas","med","high","acc"
"vhigh","med","3Puertas","4Mas","big","low","unacc"
"vhigh","med","3Puertas","4Mas","big","med","acc"
"vhigh","med","3Puertas","4Mas","big","high","acc"
"vhigh","med","4Puertas","2P","small","low","unacc"
"vhigh","med","4Puertas","2P","small","med","unacc"
"vhigh","med","4Puertas","2P","small","high","unacc"
"vhigh","med","4Puertas","2P","med","low","unacc"
"vhigh","med","4Puertas","2P","med","med","unacc"
"vhigh","med","4Puertas","2P","med","high","unacc"
"vhigh","med","4Puertas","2P","big","low","unacc"
"vhigh","med","4Puertas","2P","big","med","unacc"
"vhigh","med","4Puertas","2P","big","high","unacc"
"vhigh","med","4Puertas","4P","small","low","unacc"
"vhigh","med","4Puertas","4P","small","med","unacc"
"vhigh","med","4Puertas","4P","small","high","acc"
"vhigh","med","4Puertas","4P","med","low","unacc"
"vhigh","med","4Puertas","4P","med","med","acc"
"vhigh","med","4Puertas","4P","med","high","acc"
"vhigh","med","4Puertas","4P","big","low","unacc"
"vhigh","med","4Puertas","4P","big","med","acc"
"vhigh","med","4Puertas","4P","big","high","acc"
"vhigh","med","4Puertas","4Mas","small","low","unacc"
"vhigh","med","4Puertas","4Mas","small","med","unacc"
"vhigh","med","4Puertas","4Mas","small","high","acc"
"vhigh","med","4Puertas","4Mas","med","low","unacc"
"vhigh","med","4Puertas","4Mas","med","med","acc"
"vhigh","med","4Puertas","4Mas","med","high","acc"
"vhigh","med","4Puertas","4Mas","big","low","unacc"
"vhigh","med","4Puertas","4Mas","big","med","acc"
"vhigh","med","4Puertas","4Mas","big","high","acc"
"vhigh","med","5Mas","2P","small","low","unacc"
"vhigh","med","5Mas","2P","small","med","unacc"
"vhigh","med","5Mas","2P","small","high","unacc"
"vhigh","med","5Mas","2P","med","low","unacc"
"vhigh","med","5Mas","2P","med","med","unacc"
"vhigh","med","5Mas","2P","med","high","unacc"
"vhigh","med","5Mas","2P","big","low","unacc"
"vhigh","med","5Mas","2P","big","med","unacc"
"vhigh","med","5Mas","2P","big","high","unacc"
"vhigh","med","5Mas","4P","small","low","unacc"
"vhigh","med","5Mas","4P","small","med","unacc"
"vhigh","med","5Mas","4P","small","high","acc"
"vhigh","med","5Mas","4P","med","low","unacc"
"vhigh","med","5Mas","4P","med","med","acc"
"vhigh","med","5Mas","4P","med","high","acc"
"vhigh","med","5Mas","4P","big","low","unacc"
"vhigh","med","5Mas","4P","big","med","acc"
"vhigh","med","5Mas","4P","big","high","acc"
"vhigh","med","5Mas","4Mas","small","low","unacc"
"vhigh","med","5Mas","4Mas","small","med","unacc"
"vhigh","med","5Mas","4Mas","small","high","acc"
"vhigh","med","5Mas","4Mas","med","low","unacc"
"vhigh","med","5Mas","4Mas","med","med","acc"
"vhigh","med","5Mas","4Mas","med","high","acc"
"vhigh","med","5Mas","4Mas","big","low","unacc"
"vhigh","med","5Mas","4Mas","big","med","acc"
"vhigh","med","5Mas","4Mas","big","high","acc"
"vhigh","low","2Puertas","2P","small","low","unacc"
"vhigh","low","2Puertas","2P","small","med","unacc"
"vhigh","low","2Puertas","2P","small","high","unacc"
"vhigh","low","2Puertas","2P","med","low","unacc"
"vhigh","low","2Puertas","2P","med","med","unacc"
"vhigh","low","2Puertas","2P","med","high","unacc"
"vhigh","low","2Puertas","2P","big","low","unacc"
"vhigh","low","2Puertas","2P","big","med","unacc"
"vhigh","low","2Puertas","2P","big","high","unacc"
"vhigh","low","2Puertas","4P","small","low","unacc"
"vhigh","low","2Puertas","4P","small","med","unacc"
"vhigh","low","2Puertas","4P","small","high","acc"
"vhigh","low","2Puertas","4P","med","low","unacc"
"vhigh","low","2Puertas","4P","med","med","unacc"
"vhigh","low","2Puertas","4P","med","high","acc"
"vhigh","low","2Puertas","4P","big","low","unacc"
"vhigh","low","2Puertas","4P","big","med","acc"
"vhigh","low","2Puertas","4P","big","high","acc"
"vhigh","low","2Puertas","4Mas","small","low","unacc"
"vhigh","low","2Puertas","4Mas","small","med","unacc"
"vhigh","low","2Puertas","4Mas","small","high","unacc"
"vhigh","low","2Puertas","4Mas","med","low","unacc"
"vhigh","low","2Puertas","4Mas","med","med","unacc"
"vhigh","low","2Puertas","4Mas","med","high","acc"
"vhigh","low","2Puertas","4Mas","big","low","unacc"
"vhigh","low","2Puertas","4Mas","big","med","acc"
"vhigh","low","2Puertas","4Mas","big","high","acc"
"vhigh","low","3Puertas","2P","small","low","unacc"
"vhigh","low","3Puertas","2P","small","med","unacc"
"vhigh","low","3Puertas","2P","small","high","unacc"
"vhigh","low","3Puertas","2P","med","low","unacc"
"vhigh","low","3Puertas","2P","med","med","unacc"
"vhigh","low","3Puertas","2P","med","high","unacc"
"vhigh","low","3Puertas","2P","big","low","unacc"
"vhigh","low","3Puertas","2P","big","med","unacc"
"vhigh","low","3Puertas","2P","big","high","unacc"
"vhigh","low","3Puertas","4P","small","low","unacc"
"vhigh","low","3Puertas","4P","small","med","unacc"
"vhigh","low","3Puertas","4P","small","high","acc"
"vhigh","low","3Puertas","4P","med","low","unacc"
"vhigh","low","3Puertas","4P","med","med","unacc"
"vhigh","low","3Puertas","4P","med","high","acc"
"vhigh","low","3Puertas","4P","big","low","unacc"
"vhigh","low","3Puertas","4P","big","med","acc"
"vhigh","low","3Puertas","4P","big","high","acc"
"vhigh","low","3Puertas","4Mas","small","low","unacc"
"vhigh","low","3Puertas","4Mas","small","med","unacc"
"vhigh","low","3Puertas","4Mas","small","high","acc"
"vhigh","low","3Puertas","4Mas","med","low","unacc"
"vhigh","low","3Puertas","4Mas","med","med","acc"
"vhigh","low","3Puertas","4Mas","med","high","acc"
"vhigh","low","3Puertas","4Mas","big","low","unacc"
"vhigh","low","3Puertas","4Mas","big","med","acc"
"vhigh","low","3Puertas","4Mas","big","high","acc"
"vhigh","low","4Puertas","2P","small","low","unacc"
"vhigh","low","4Puertas","2P","small","med","unacc"
"vhigh","low","4Puertas","2P","small","high","unacc"
"vhigh","low","4Puertas","2P","med","low","unacc"
"vhigh","low","4Puertas","2P","med","med","unacc"
"vhigh","low","4Puertas","2P","med","high","unacc"
"vhigh","low","4Puertas","2P","big","low","unacc"
"vhigh","low","4Puertas","2P","big","med","unacc"
"vhigh","low","4Puertas","2P","big","high","unacc"
"vhigh","low","4Puertas","4P","small","low","unacc"
"vhigh","low","4Puertas","4P","small","med","unacc"
"vhigh","low","4Puertas","4P","small","high","acc"
"vhigh","low","4Puertas","4P","med","low","unacc"
"vhigh","low","4Puertas","4P","med","med","acc"
"vhigh","low","4Puertas","4P","med","high","acc"
"vhigh","low","4Puertas","4P","big","low","unacc"
"vhigh","low","4Puertas","4P","big","med","acc"
"vhigh","low","4Puertas","4P","big","high","acc"
"vhigh","low","4Puertas","4Mas","small","low","unacc"
"vhigh","low","4Puertas","4Mas","small","med","unacc"
"vhigh","low","4Puertas","4Mas","small","high","acc"
"vhigh","low","4Puertas","4Mas","med","low","unacc"
"vhigh","low","4Puertas","4Mas","med","med","acc"
"vhigh","low","4Puertas","4Mas","med","high","acc"
"vhigh","low","4Puertas","4Mas","big","low","unacc"
"vhigh","low","4Puertas","4Mas","big","med","acc"
"vhigh","low","4Puertas","4Mas","big","high","acc"
"vhigh","low","5Mas","2P","small","low","unacc"
"vhigh","low","5Mas","2P","small","med","unacc"
"vhigh","low","5Mas","2P","small","high","unacc"
"vhigh","low","5Mas","2P","med","low","unacc"
"vhigh","low","5Mas","2P","med","med","unacc"
"vhigh","low","5Mas","2P","med","high","unacc"
"vhigh","low","5Mas","2P","big","low","unacc"
"vhigh","low","5Mas","2P","big","med","unacc"
"vhigh","low","5Mas","2P","big","high","unacc"
"vhigh","low","5Mas","4P","small","low","unacc"
"vhigh","low","5Mas","4P","small","med","unacc"
"vhigh","low","5Mas","4P","small","high","acc"
"vhigh","low","5Mas","4P","med","low","unacc"
"vhigh","low","5Mas","4P","med","med","acc"
"vhigh","low","5Mas","4P","med","high","acc"
"vhigh","low","5Mas","4P","big","low","unacc"
"vhigh","low","5Mas","4P","big","med","acc"
"vhigh","low","5Mas","4P","big","high","acc"
"vhigh","low","5Mas","4Mas","small","low","unacc"
"vhigh","low","5Mas","4Mas","small","med","unacc"
"vhigh","low","5Mas","4Mas","small","high","acc"
"vhigh","low","5Mas","4Mas","med","low","unacc"
"vhigh","low","5Mas","4Mas","med","med","acc"
"vhigh","low","5Mas","4Mas","med","high","acc"
"vhigh","low","5Mas","4Mas","big","low","unacc"
"vhigh","low","5Mas","4Mas","big","med","acc"
"vhigh","low","5Mas","4Mas","big","high","acc"
"high","vhigh","2Puertas","2P","small","low","unacc"
"high","vhigh","2Puertas","2P","small","med","unacc"
"high","vhigh","2Puertas","2P","small","high","unacc"
"high","vhigh","2Puertas","2P","med","low","unacc"
"high","vhigh","2Puertas","2P","med","med","unacc"
"high","vhigh","2Puertas","2P","med","high","unacc"
"high","vhigh","2Puertas","2P","big","low","unacc"
"high","vhigh","2Puertas","2P","big","med","unacc"
"high","vhigh","2Puertas","2P","big","high","unacc"
"high","vhigh","2Puertas","4P","small","low","unacc"
"high","vhigh","2Puertas","4P","small","med","unacc"
"high","vhigh","2Puertas","4P","small","high","unacc"
"high","vhigh","2Puertas","4P","med","low","unacc"
"high","vhigh","2Puertas","4P","med","med","unacc"
"high","vhigh","2Puertas","4P","med","high","unacc"
"high","vhigh","2Puertas","4P","big","low","unacc"
"high","vhigh","2Puertas","4P","big","med","unacc"
"high","vhigh","2Puertas","4P","big","high","unacc"
"high","vhigh","2Puertas","4Mas","small","low","unacc"
"high","vhigh","2Puertas","4Mas","small","med","unacc"
"high","vhigh","2Puertas","4Mas","small","high","unacc"
"high","vhigh","2Puertas","4Mas","med","low","unacc"
"high","vhigh","2Puertas","4Mas","med","med","unacc"
"high","vhigh","2Puertas","4Mas","med","high","unacc"
"high","vhigh","2Puertas","4Mas","big","low","unacc"
"high","vhigh","2Puertas","4Mas","big","med","unacc"
"high","vhigh","2Puertas","4Mas","big","high","unacc"
"high","vhigh","3Puertas","2P","small","low","unacc"
"high","vhigh","3Puertas","2P","small","med","unacc"
"high","vhigh","3Puertas","2P","small","high","unacc"
"high","vhigh","3Puertas","2P","med","low","unacc"
"high","vhigh","3Puertas","2P","med","med","unacc"
"high","vhigh","3Puertas","2P","med","high","unacc"
"high","vhigh","3Puertas","2P","big","low","unacc"
"high","vhigh","3Puertas","2P","big","med","unacc"
"high","vhigh","3Puertas","2P","big","high","unacc"
"high","vhigh","3Puertas","4P","small","low","unacc"
"high","vhigh","3Puertas","4P","small","med","unacc"
"high","vhigh","3Puertas","4P","small","high","unacc"
"high","vhigh","3Puertas","4P","med","low","unacc"
"high","vhigh","3Puertas","4P","med","med","unacc"
"high","vhigh","3Puertas","4P","med","high","unacc"
"high","vhigh","3Puertas","4P","big","low","unacc"
"high","vhigh","3Puertas","4P","big","med","unacc"
"high","vhigh","3Puertas","4P","big","high","unacc"
"high","vhigh","3Puertas","4Mas","small","low","unacc"
"high","vhigh","3Puertas","4Mas","small","med","unacc"
"high","vhigh","3Puertas","4Mas","small","high","unacc"
"high","vhigh","3Puertas","4Mas","med","low","unacc"
"high","vhigh","3Puertas","4Mas","med","med","unacc"
"high","vhigh","3Puertas","4Mas","med","high","unacc"
"high","vhigh","3Puertas","4Mas","big","low","unacc"
"high","vhigh","3Puertas","4Mas","big","med","unacc"
"high","vhigh","3Puertas","4Mas","big","high","unacc"
"high","vhigh","4Puertas","2P","small","low","unacc"
"high","vhigh","4Puertas","2P","small","med","unacc"
"high","vhigh","4Puertas","2P","small","high","unacc"
"high","vhigh","4Puertas","2P","med","low","unacc"
"high","vhigh","4Puertas","2P","med","med","unacc"
"high","vhigh","4Puertas","2P","med","high","unacc"
"high","vhigh","4Puertas","2P","big","low","unacc"
"high","vhigh","4Puertas","2P","big","med","unacc"
"high","vhigh","4Puertas","2P","big","high","unacc"
"high","vhigh","4Puertas","4P","small","low","unacc"
"high","vhigh","4Puertas","4P","small","med","unacc"
"high","vhigh","4Puertas","4P","small","high","unacc"
"high","vhigh","4Puertas","4P","med","low","unacc"
"high","vhigh","4Puertas","4P","med","med","unacc"
"high","vhigh","4Puertas","4P","med","high","unacc"
"high","vhigh","4Puertas","4P","big","low","unacc"
"high","vhigh","4Puertas","4P","big","med","unacc"
"high","vhigh","4Puertas","4P","big","high","unacc"
"high","vhigh","4Puertas","4Mas","small","low","unacc"
"high","vhigh","4Puertas","4Mas","small","med","unacc"
"high","vhigh","4Puertas","4Mas","small","high","unacc"
"high","vhigh","4Puertas","4Mas","med","low","unacc"
"high","vhigh","4Puertas","4Mas","med","med","unacc"
"high","vhigh","4Puertas","4Mas","med","high","unacc"
"high","vhigh","4Puertas","4Mas","big","low","unacc"
"high","vhigh","4Puertas","4Mas","big","med","unacc"
"high","vhigh","4Puertas","4Mas","big","high","unacc"
"high","vhigh","5Mas","2P","small","low","unacc"
"high","vhigh","5Mas","2P","small","med","unacc"
"high","vhigh","5Mas","2P","small","high","unacc"
"high","vhigh","5Mas","2P","med","low","unacc"
"high","vhigh","5Mas","2P","med","med","unacc"
"high","vhigh","5Mas","2P","med","high","unacc"
"high","vhigh","5Mas","2P","big","low","unacc"
"high","vhigh","5Mas","2P","big","med","unacc"
"high","vhigh","5Mas","2P","big","high","unacc"
"high","vhigh","5Mas","4P","small","low","unacc"
"high","vhigh","5Mas","4P","small","med","unacc"
"high","vhigh","5Mas","4P","small","high","unacc"
"high","vhigh","5Mas","4P","med","low","unacc"
"high","vhigh","5Mas","4P","med","med","unacc"
"high","vhigh","5Mas","4P","med","high","unacc"
"high","vhigh","5Mas","4P","big","low","unacc"
"high","vhigh","5Mas","4P","big","med","unacc"
"high","vhigh","5Mas","4P","big","high","unacc"
"high","vhigh","5Mas","4Mas","small","low","unacc"
"high","vhigh","5Mas","4Mas","small","med","unacc"
"high","vhigh","5Mas","4Mas","small","high","unacc"
"high","vhigh","5Mas","4Mas","med","low","unacc"
"high","vhigh","5Mas","4Mas","med","med","unacc"
"high","vhigh","5Mas","4Mas","med","high","unacc"
"high","vhigh","5Mas","4Mas","big","low","unacc"
"high","vhigh","5Mas","4Mas","big","med","unacc"
"high","vhigh","5Mas","4Mas","big","high","unacc"
"high","high","2Puertas","2P","small","low","unacc"
"high","high","2Puertas","2P","small","med","unacc"
"high","high","2Puertas","2P","small","high","unacc"
"high","high","2Puertas","2P","med","low","unacc"
"high","high","2Puertas","2P","med","med","unacc"
"high","high","2Puertas","2P","med","high","unacc"
"high","high","2Puertas","2P","big","low","unacc"
"high","high","2Puertas","2P","big","med","unacc"
"high","high","2Puertas","2P","big","high","unacc"
"high","high","2Puertas","4P","small","low","unacc"
"high","high","2Puertas","4P","small","med","unacc"
"high","high","2Puertas","4P","small","high","acc"
"high","high","2Puertas","4P","med","low","unacc"
"high","high","2Puertas","4P","med","med","unacc"
"high","high","2Puertas","4P","med","high","acc"
"high","high","2Puertas","4P","big","low","unacc"
"high","high","2Puertas","4P","big","med","acc"
"high","high","2Puertas","4P","big","high","acc"
"high","high","2Puertas","4Mas","small","low","unacc"
"high","high","2Puertas","4Mas","small","med","unacc"
"high","high","2Puertas","4Mas","small","high","unacc"
"high","high","2Puertas","4Mas","med","low","unacc"
"high","high","2Puertas","4Mas","med","med","unacc"
"high","high","2Puertas","4Mas","med","high","acc"
"high","high","2Puertas","4Mas","big","low","unacc"
"high","high","2Puertas","4Mas","big","med","acc"
"high","high","2Puertas","4Mas","big","high","acc"
"high","high","3Puertas","2P","small","low","unacc"
"high","high","3Puertas","2P","small","med","unacc"
"high","high","3Puertas","2P","small","high","unacc"
"high","high","3Puertas","2P","med","low","unacc"
"high","high","3Puertas","2P","med","med","unacc"
"high","high","3Puertas","2P","med","high","unacc"
"high","high","3Puertas","2P","big","low","unacc"
"high","high","3Puertas","2P","big","med","unacc"
"high","high","3Puertas","2P","big","high","unacc"
"high","high","3Puertas","4P","small","low","unacc"
"high","high","3Puertas","4P","small","med","unacc"
"high","high","3Puertas","4P","small","high","acc"
"high","high","3Puertas","4P","med","low","unacc"
"high","high","3Puertas","4P","med","med","unacc"
"high","high","3Puertas","4P","med","high","acc"
"high","high","3Puertas","4P","big","low","unacc"
"high","high","3Puertas","4P","big","med","acc"
"high","high","3Puertas","4P","big","high","acc"
"high","high","3Puertas","4Mas","small","low","unacc"
"high","high","3Puertas","4Mas","small","med","unacc"
"high","high","3Puertas","4Mas","small","high","acc"
"high","high","3Puertas","4Mas","med","low","unacc"
"high","high","3Puertas","4Mas","med","med","acc"
"high","high","3Puertas","4Mas","med","high","acc"
"high","high","3Puertas","4Mas","big","low","unacc"
"high","high","3Puertas","4Mas","big","med","acc"
"high","high","3Puertas","4Mas","big","high","acc"
"high","high","4Puertas","2P","small","low","unacc"
"high","high","4Puertas","2P","small","med","unacc"
"high","high","4Puertas","2P","small","high","unacc"
"high","high","4Puertas","2P","med","low","unacc"
"high","high","4Puertas","2P","med","med","unacc"
"high","high","4Puertas","2P","med","high","unacc"
"high","high","4Puertas","2P","big","low","unacc"
"high","high","4Puertas","2P","big","med","unacc"
"high","high","4Puertas","2P","big","high","unacc"
"high","high","4Puertas","4P","small","low","unacc"
"high","high","4Puertas","4P","small","med","unacc"
"high","high","4Puertas","4P","small","high","acc"
"high","high","4Puertas","4P","med","low","unacc"
"high","high","4Puertas","4P","med","med","acc"
"high","high","4Puertas","4P","med","high","acc"
"high","high","4Puertas","4P","big","low","unacc"
"high","high","4Puertas","4P","big","med","acc"
"high","high","4Puertas","4P","big","high","acc"
"high","high","4Puertas","4Mas","small","low","unacc"
"high","high","4Puertas","4Mas","small","med","unacc"
"high","high","4Puertas","4Mas","small","high","acc"
"high","high","4Puertas","4Mas","med","low","unacc"
"high","high","4Puertas","4Mas","med","med","acc"
"high","high","4Puertas","4Mas","med","high","acc"
"high","high","4Puertas","4Mas","big","low","unacc"
"high","high","4Puertas","4Mas","big","med","acc"
"high","high","4Puertas","4Mas","big","high","acc"
"high","high","5Mas","2P","small","low","unacc"
"high","high","5Mas","2P","small","med","unacc"
"high","high","5Mas","2P","small","high","unacc"
"high","high","5Mas","2P","med","low","unacc"
"high","high","5Mas","2P","med","med","unacc"
"high","high","5Mas","2P","med","high","unacc"
"high","high","5Mas","2P","big","low","unacc"
"high","high","5Mas","2P","big","med","unacc"
"high","high","5Mas","2P","big","high","unacc"
"high","high","5Mas","4P","small","low","unacc"
"high","high","5Mas","4P","small","med","unacc"
"high","high","5Mas","4P","small","high","acc"
"high","high","5Mas","4P","med","low","unacc"
"high","high","5Mas","4P","med","med","acc"
"high","high","5Mas","4P","med","high","acc"
"high","high","5Mas","4P","big","low","unacc"
"high","high","5Mas","4P","big","med","acc"
"high","high","5Mas","4P","big","high","acc"
"high","high","5Mas","4Mas","small","low","unacc"
"high","high","5Mas","4Mas","small","med","unacc"
"high","high","5Mas","4Mas","small","high","acc"
"high","high","5Mas","4Mas","med","low","unacc"
"high","high","5Mas","4Mas","med","med","acc"
"high","high","5Mas","4Mas","med","high","acc"
"high","high","5Mas","4Mas","big","low","unacc"
"high","high","5Mas","4Mas","big","med","acc"
"high","high","5Mas","4Mas","big","high","acc"
"high","med","2Puertas","2P","small","low","unacc"
"high","med","2Puertas","2P","small","med","unacc"
"high","med","2Puertas","2P","small","high","unacc"
"high","med","2Puertas","2P","med","low","unacc"
"high","med","2Puertas","2P","med","med","unacc"
"high","med","2Puertas","2P","med","high","unacc"
"high","med","2Puertas","2P","big","low","unacc"
"high","med","2Puertas","2P","big","med","unacc"
"high","med","2Puertas","2P","big","high","unacc"
"high","med","2Puertas","4P","small","low","unacc"
"high","med","2Puertas","4P","small","med","unacc"
"high","med","2Puertas","4P","small","high","acc"
"high","med","2Puertas","4P","med","low","unacc"
"high","med","2Puertas","4P","med","med","unacc"
"high","med","2Puertas","4P","med","high","acc"
"high","med","2Puertas","4P","big","low","unacc"
"high","med","2Puertas","4P","big","med","acc"
"high","med","2Puertas","4P","big","high","acc"
"high","med","2Puertas","4Mas","small","low","unacc"
"high","med","2Puertas","4Mas","small","med","unacc"
"high","med","2Puertas","4Mas","small","high","unacc"
"high","med","2Puertas","4Mas","med","low","unacc"
"high","med","2Puertas","4Mas","med","med","unacc"
"high","med","2Puertas","4Mas","med","high","acc"
"high","med","2Puertas","4Mas","big","low","unacc"
"high","med","2Puertas","4Mas","big","med","acc"
"high","med","2Puertas","4Mas","big","high","acc"
"high","med","3Puertas","2P","small","low","unacc"
"high","med","3Puertas","2P","small","med","unacc"
"high","med","3Puertas","2P","small","high","unacc"
"high","med","3Puertas","2P","med","low","unacc"
"high","med","3Puertas","2P","med","med","unacc"
"high","med","3Puertas","2P","med","high","unacc"
"high","med","3Puertas","2P","big","low","unacc"
"high","med","3Puertas","2P","big","med","unacc"
"high","med","3Puertas","2P","big","high","unacc"
"high","med","3Puertas","4P","small","low","unacc"
"high","med","3Puertas","4P","small","med","unacc"
"high","med","3Puertas","4P","small","high","acc"
"high","med","3Puertas","4P","med","low","unacc"
"high","med","3Puertas","4P","med","med","unacc"
"high","med","3Puertas","4P","med","high","acc"
"high","med","3Puertas","4P","big","low","unacc"
"high","med","3Puertas","4P","big","med","acc"
"high","med","3Puertas","4P","big","high","acc"
"high","med","3Puertas","4Mas","small","low","unacc"
"high","med","3Puertas","4Mas","small","med","unacc"
"high","med","3Puertas","4Mas","small","high","acc"
"high","med","3Puertas","4Mas","med","low","unacc"
"high","med","3Puertas","4Mas","med","med","acc"
"high","med","3Puertas","4Mas","med","high","acc"
"high","med","3Puertas","4Mas","big","low","unacc"
"high","med","3Puertas","4Mas","big","med","acc"
"high","med","3Puertas","4Mas","big","high","acc"
"high","med","4Puertas","2P","small","low","unacc"
"high","med","4Puertas","2P","small","med","unacc"
"high","med","4Puertas","2P","small","high","unacc"
"high","med","4Puertas","2P","med","low","unacc"
"high","med","4Puertas","2P","med","med","unacc"
"high","med","4Puertas","2P","med","high","unacc"
"high","med","4Puertas","2P","big","low","unacc"
"high","med","4Puertas","2P","big","med","unacc"
"high","med","4Puertas","2P","big","high","unacc"
"high","med","4Puertas","4P","small","low","unacc"
"high","med","4Puertas","4P","small","med","unacc"
"high","med","4Puertas","4P","small","high","acc"
"high","med","4Puertas","4P","med","low","unacc"
"high","med","4Puertas","4P","med","med","acc"
"high","med","4Puertas","4P","med","high","acc"
"high","med","4Puertas","4P","big","low","unacc"
"high","med","4Puertas","4P","big","med","acc"
"high","med","4Puertas","4P","big","high","acc"
"high","med","4Puertas","4Mas","small","low","unacc"
"high","med","4Puertas","4Mas","small","med","unacc"
"high","med","4Puertas","4Mas","small","high","acc"
"high","med","4Puertas","4Mas","med","low","unacc"
"high","med","4Puertas","4Mas","med","med","acc"
"high","med","4Puertas","4Mas","med","high","acc"
"high","med","4Puertas","4Mas","big","low","unacc"
"high","med","4Puertas","4Mas","big","med","acc"
"high","med","4Puertas","4Mas","big","high","acc"
"high","med","5Mas","2P","small","low","unacc"
"high","med","5Mas","2P","small","med","unacc"
"high","med","5Mas","2P","small","high","unacc"
"high","med","5Mas","2P","med","low","unacc"
"high","med","5Mas","2P","med","med","unacc"
"high","med","5Mas","2P","med","high","unacc"
"high","med","5Mas","2P","big","low","unacc"
"high","med","5Mas","2P","big","med","unacc"
"high","med","5Mas","2P","big","high","unacc"
"high","med","5Mas","4P","small","low","unacc"
"high","med","5Mas","4P","small","med","unacc"
"high","med","5Mas","4P","small","high","acc"
"high","med","5Mas","4P","med","low","unacc"
"high","med","5Mas","4P","med","med","acc"
"high","med","5Mas","4P","med","high","acc"
"high","med","5Mas","4P","big","low","unacc"
"high","med","5Mas","4P","big","med","acc"
"high","med","5Mas","4P","big","high","acc"
"high","med","5Mas","4Mas","small","low","unacc"
"high","med","5Mas","4Mas","small","med","unacc"
"high","med","5Mas","4Mas","small","high","acc"
"high","med","5Mas","4Mas","med","low","unacc"
"high","med","5Mas","4Mas","med","med","acc"
"high","med","5Mas","4Mas","med","high","acc"
"high","med","5Mas","4Mas","big","low","unacc"
"high","med","5Mas","4Mas","big","med","acc"
"high","med","5Mas","4Mas","big","high","acc"
"high","low","2Puertas","2P","small","low","unacc"
"high","low","2Puertas","2P","small","med","unacc"
"high","low","2Puertas","2P","small","high","unacc"
"high","low","2Puertas","2P","med","low","unacc"
"high","low","2Puertas","2P","med","med","unacc"
"high","low","2Puertas","2P","med","high","unacc"
"high","low","2Puertas","2P","big","low","unacc"
"high","low","2Puertas","2P","big","med","unacc"
"high","low","2Puertas","2P","big","high","unacc"
"high","low","2Puertas","4P","small","low","unacc"
"high","low","2Puertas","4P","small","med","unacc"
"high","low","2Puertas","4P","small","high","acc"
"high","low","2Puertas","4P","med","low","unacc"
"high","low","2Puertas","4P","med","med","unacc"
"high","low","2Puertas","4P","med","high","acc"
"high","low","2Puertas","4P","big","low","unacc"
"high","low","2Puertas","4P","big","med","acc"
"high","low","2Puertas","4P","big","high","acc"
"high","low","2Puertas","4Mas","small","low","unacc"
"high","low","2Puertas","4Mas","small","med","unacc"
"high","low","2Puertas","4Mas","small","high","unacc"
"high","low","2Puertas","4Mas","med","low","unacc"
"high","low","2Puertas","4Mas","med","med","unacc"
"high","low","2Puertas","4Mas","med","high","acc"
"high","low","2Puertas","4Mas","big","low","unacc"
"high","low","2Puertas","4Mas","big","med","acc"
"high","low","2Puertas","4Mas","big","high","acc"
"high","low","3Puertas","2P","small","low","unacc"
"high","low","3Puertas","2P","small","med","unacc"
"high","low","3Puertas","2P","small","high","unacc"
"high","low","3Puertas","2P","med","low","unacc"
"high","low","3Puertas","2P","med","med","unacc"
"high","low","3Puertas","2P","med","high","unacc"
"high","low","3Puertas","2P","big","low","unacc"
"high","low","3Puertas","2P","big","med","unacc"
"high","low","3Puertas","2P","big","high","unacc"
"high","low","3Puertas","4P","small","low","unacc"
"high","low","3Puertas","4P","small","med","unacc"
"high","low","3Puertas","4P","small","high","acc"
"high","low","3Puertas","4P","med","low","unacc"
"high","low","3Puertas","4P","med","med","unacc"
"high","low","3Puertas","4P","med","high","acc"
"high","low","3Puertas","4P","big","low","unacc"
"high","low","3Puertas","4P","big","med","acc"
"high","low","3Puertas","4P","big","high","acc"
"high","low","3Puertas","4Mas","small","low","unacc"
"high","low","3Puertas","4Mas","small","med","unacc"
"high","low","3Puertas","4Mas","small","high","acc"
"high","low","3Puertas","4Mas","med","low","unacc"
"high","low","3Puertas","4Mas","med","med","acc"
"high","low","3Puertas","4Mas","med","high","acc"
"high","low","3Puertas","4Mas","big","low","unacc"
"high","low","3Puertas","4Mas","big","med","acc"
"high","low","3Puertas","4Mas","big","high","acc"
"high","low","4Puertas","2P","small","low","unacc"
"high","low","4Puertas","2P","small","med","unacc"
"high","low","4Puertas","2P","small","high","unacc"
"high","low","4Puertas","2P","med","low","unacc"
"high","low","4Puertas","2P","med","med","unacc"
"high","low","4Puertas","2P","med","high","unacc"
"high","low","4Puertas","2P","big","low","unacc"
"high","low","4Puertas","2P","big","med","unacc"
"high","low","4Puertas","2P","big","high","unacc"
"high","low","4Puertas","4P","small","low","unacc"
"high","low","4Puertas","4P","small","med","unacc"
"high","low","4Puertas","4P","small","high","acc"
"high","low","4Puertas","4P","med","low","unacc"
"high","low","4Puertas","4P","med","med","acc"
"high","low","4Puertas","4P","med","high","acc"
"high","low","4Puertas","4P","big","low","unacc"
"high","low","4Puertas","4P","big","med","acc"
"high","low","4Puertas","4P","big","high","acc"
"high","low","4Puertas","4Mas","small","low","unacc"
"high","low","4Puertas","4Mas","small","med","unacc"
"high","low","4Puertas","4Mas","small","high","acc"
"high","low","4Puertas","4Mas","med","low","unacc"
"high","low","4Puertas","4Mas","med","med","acc"
"high","low","4Puertas","4Mas","med","high","acc"
"high","low","4Puertas","4Mas","big","low","unacc"
"high","low","4Puertas","4Mas","big","med","acc"
"high","low","4Puertas","4Mas","big","high","acc"
"high","low","5Mas","2P","small","low","unacc"
"high","low","5Mas","2P","small","med","unacc"
"high","low","5Mas","2P","small","high","unacc"
"high","low","5Mas","2P","med","low","unacc"
"high","low","5Mas","2P","med","med","unacc"
"high","low","5Mas","2P","med","high","unacc"
"high","low","5Mas","2P","big","low","unacc"
"high","low","5Mas","2P","big","med","unacc"
"high","low","5Mas","2P","big","high","unacc"
"high","low","5Mas","4P","small","low","unacc"
"high","low","5Mas","4P","small","med","unacc"
"high","low","5Mas","4P","small","high","acc"
"high","low","5Mas","4P","med","low","unacc"
"high","low","5Mas","4P","med","med","acc"
"high","low","5Mas","4P","med","high","acc"
"high","low","5Mas","4P","big","low","unacc"
"high","low","5Mas","4P","big","med","acc"
"high","low","5Mas","4P","big","high","acc"
"high","low","5Mas","4Mas","small","low","unacc"
"high","low","5Mas","4Mas","small","med","unacc"
"high","low","5Mas","4Mas","small","high","acc"
"high","low","5Mas","4Mas","med","low","unacc"
"high","low","5Mas","4Mas","med","med","acc"
"high","low","5Mas","4Mas","med","high","acc"
"high","low","5Mas","4Mas","big","low","unacc"
"high","low","5Mas","4Mas","big","med","acc"
"high","low","5Mas","4Mas","big","high","acc"
"med","vhigh","2Puertas","2P","small","low","unacc"
"med","vhigh","2Puertas","2P","small","med","unacc"
"med","vhigh","2Puertas","2P","small","high","unacc"
"med","vhigh","2Puertas","2P","med","low","unacc"
"med","vhigh","2Puertas","2P","med","med","unacc"
"med","vhigh","2Puertas","2P","med","high","unacc"
"med","vhigh","2Puertas","2P","big","low","unacc"
"med","vhigh","2Puertas","2P","big","med","unacc"
"med","vhigh","2Puertas","2P","big","high","unacc"
"med","vhigh","2Puertas","4P","small","low","unacc"
"med","vhigh","2Puertas","4P","small","med","unacc"
"med","vhigh","2Puertas","4P","small","high","acc"
"med","vhigh","2Puertas","4P","med","low","unacc"
"med","vhigh","2Puertas","4P","med","med","unacc"
"med","vhigh","2Puertas","4P","med","high","acc"
"med","vhigh","2Puertas","4P","big","low","unacc"
"med","vhigh","2Puertas","4P","big","med","acc"
"med","vhigh","2Puertas","4P","big","high","acc"
"med","vhigh","2Puertas","4Mas","small","low","unacc"
"med","vhigh","2Puertas","4Mas","small","med","unacc"
"med","vhigh","2Puertas","4Mas","small","high","unacc"
"med","vhigh","2Puertas","4Mas","med","low","unacc"
"med","vhigh","2Puertas","4Mas","med","med","unacc"
"med","vhigh","2Puertas","4Mas","med","high","acc"
"med","vhigh","2Puertas","4Mas","big","low","unacc"
"med","vhigh","2Puertas","4Mas","big","med","acc"
"med","vhigh","2Puertas","4Mas","big","high","acc"
"med","vhigh","3Puertas","2P","small","low","unacc"
"med","vhigh","3Puertas","2P","small","med","unacc"
"med","vhigh","3Puertas","2P","small","high","unacc"
"med","vhigh","3Puertas","2P","med","low","unacc"
"med","vhigh","3Puertas","2P","med","med","unacc"
"med","vhigh","3Puertas","2P","med","high","unacc"
"med","vhigh","3Puertas","2P","big","low","unacc"
"med","vhigh","3Puertas","2P","big","med","unacc"
"med","vhigh","3Puertas","2P","big","high","unacc"
"med","vhigh","3Puertas","4P","small","low","unacc"
"med","vhigh","3Puertas","4P","small","med","unacc"
"med","vhigh","3Puertas","4P","small","high","acc"
"med","vhigh","3Puertas","4P","med","low","unacc"
"med","vhigh","3Puertas","4P","med","med","unacc"
"med","vhigh","3Puertas","4P","med","high","acc"
"med","vhigh","3Puertas","4P","big","low","unacc"
"med","vhigh","3Puertas","4P","big","med","acc"
"med","vhigh","3Puertas","4P","big","high","acc"
"med","vhigh","3Puertas","4Mas","small","low","unacc"
"med","vhigh","3Puertas","4Mas","small","med","unacc"
"med","vhigh","3Puertas","4Mas","small","high","acc"
"med","vhigh","3Puertas","4Mas","med","low","unacc"
"med","vhigh","3Puertas","4Mas","med","med","acc"
"med","vhigh","3Puertas","4Mas","med","high","acc"
"med","vhigh","3Puertas","4Mas","big","low","unacc"
"med","vhigh","3Puertas","4Mas","big","med","acc"
"med","vhigh","3Puertas","4Mas","big","high","acc"
"med","vhigh","4Puertas","2P","small","low","unacc"
"med","vhigh","4Puertas","2P","small","med","unacc"
"med","vhigh","4Puertas","2P","small","high","unacc"
"med","vhigh","4Puertas","2P","med","low","unacc"
"med","vhigh","4Puertas","2P","med","med","unacc"
"med","vhigh","4Puertas","2P","med","high","unacc"
"med","vhigh","4Puertas","2P","big","low","unacc"
"med","vhigh","4Puertas","2P","big","med","unacc"
"med","vhigh","4Puertas","2P","big","high","unacc"
"med","vhigh","4Puertas","4P","small","low","unacc"
"med","vhigh","4Puertas","4P","small","med","unacc"
"med","vhigh","4Puertas","4P","small","high","acc"
"med","vhigh","4Puertas","4P","med","low","unacc"
"med","vhigh","4Puertas","4P","med","med","acc"
"med","vhigh","4Puertas","4P","med","high","acc"
"med","vhigh","4Puertas","4P","big","low","unacc"
"med","vhigh","4Puertas","4P","big","med","acc"
"med","vhigh","4Puertas","4P","big","high","acc"
"med","vhigh","4Puertas","4Mas","small","low","unacc"
"med","vhigh","4Puertas","4Mas","small","med","unacc"
"med","vhigh","4Puertas","4Mas","small","high","acc"
"med","vhigh","4Puertas","4Mas","med","low","unacc"
"med","vhigh","4Puertas","4Mas","med","med","acc"
"med","vhigh","4Puertas","4Mas","med","high","acc"
"med","vhigh","4Puertas","4Mas","big","low","unacc"
"med","vhigh","4Puertas","4Mas","big","med","acc"
"med","vhigh","4Puertas","4Mas","big","high","acc"
"med","vhigh","5Mas","2P","small","low","unacc"
"med","vhigh","5Mas","2P","small","med","unacc"
"med","vhigh","5Mas","2P","small","high","unacc"
"med","vhigh","5Mas","2P","med","low","unacc"
"med","vhigh","5Mas","2P","med","med","unacc"
"med","vhigh","5Mas","2P","med","high","unacc"
"med","vhigh","5Mas","2P","big","low","unacc"
"med","vhigh","5Mas","2P","big","med","unacc"
"med","vhigh","5Mas","2P","big","high","unacc"
"med","vhigh","5Mas","4P","small","low","unacc"
"med","vhigh","5Mas","4P","small","med","unacc"
"med","vhigh","5Mas","4P","small","high","acc"
"med","vhigh","5Mas","4P","med","low","unacc"
"med","vhigh","5Mas","4P","med","med","acc"
"med","vhigh","5Mas","4P","med","high","acc"
"med","vhigh","5Mas","4P","big","low","unacc"
"med","vhigh","5Mas","4P","big","med","acc"
"med","vhigh","5Mas","4P","big","high","acc"
"med","vhigh","5Mas","4Mas","small","low","unacc"
"med","vhigh","5Mas","4Mas","small","med","unacc"
"med","vhigh","5Mas","4Mas","small","high","acc"
"med","vhigh","5Mas","4Mas","med","low","unacc"
"med","vhigh","5Mas","4Mas","med","med","acc"
"med","vhigh","5Mas","4Mas","med","high","acc"
"med","vhigh","5Mas","4Mas","big","low","unacc"
"med","vhigh","5Mas","4Mas","big","med","acc"
"med","vhigh","5Mas","4Mas","big","high","acc"
"med","high","2Puertas","2P","small","low","unacc"
"med","high","2Puertas","2P","small","med","unacc"
"med","high","2Puertas","2P","small","high","unacc"
"med","high","2Puertas","2P","med","low","unacc"
"med","high","2Puertas","2P","med","med","unacc"
"med","high","2Puertas","2P","med","high","unacc"
"med","high","2Puertas","2P","big","low","unacc"
"med","high","2Puertas","2P","big","med","unacc"
"med","high","2Puertas","2P","big","high","unacc"
"med","high","2Puertas","4P","small","low","unacc"
"med","high","2Puertas","4P","small","med","unacc"
"med","high","2Puertas","4P","small","high","acc"
"med","high","2Puertas","4P","med","low","unacc"
"med","high","2Puertas","4P","med","med","unacc"
"med","high","2Puertas","4P","med","high","acc"
"med","high","2Puertas","4P","big","low","unacc"
"med","high","2Puertas","4P","big","med","acc"
"med","high","2Puertas","4P","big","high","acc"
"med","high","2Puertas","4Mas","small","low","unacc"
"med","high","2Puertas","4Mas","small","med","unacc"
"med","high","2Puertas","4Mas","small","high","unacc"
"med","high","2Puertas","4Mas","med","low","unacc"
"med","high","2Puertas","4Mas","med","med","unacc"
"med","high","2Puertas","4Mas","med","high","acc"
"med","high","2Puertas","4Mas","big","low","unacc"
"med","high","2Puertas","4Mas","big","med","acc"
"med","high","2Puertas","4Mas","big","high","acc"
"med","high","3Puertas","2P","small","low","unacc"
"med","high","3Puertas","2P","small","med","unacc"
"med","high","3Puertas","2P","small","high","unacc"
"med","high","3Puertas","2P","med","low","unacc"
"med","high","3Puertas","2P","med","med","unacc"
"med","high","3Puertas","2P","med","high","unacc"
"med","high","3Puertas","2P","big","low","unacc"
"med","high","3Puertas","2P","big","med","unacc"
"med","high","3Puertas","2P","big","high","unacc"
"med","high","3Puertas","4P","small","low","unacc"
"med","high","3Puertas","4P","small","med","unacc"
"med","high","3Puertas","4P","small","high","acc"
"med","high","3Puertas","4P","med","low","unacc"
"med","high","3Puertas","4P","med","med","unacc"
"med","high","3Puertas","4P","med","high","acc"
"med","high","3Puertas","4P","big","low","unacc"
"med","high","3Puertas","4P","big","med","acc"
"med","high","3Puertas","4P","big","high","acc"
"med","high","3Puertas","4Mas","small","low","unacc"
"med","high","3Puertas","4Mas","small","med","unacc"
"med","high","3Puertas","4Mas","small","high","acc"
"med","high","3Puertas","4Mas","med","low","unacc"
"med","high","3Puertas","4Mas","med","med","acc"
"med","high","3Puertas","4Mas","med","high","acc"
"med","high","3Puertas","4Mas","big","low","unacc"
"med","high","3Puertas","4Mas","big","med","acc"
"med","high","3Puertas","4Mas","big","high","acc"
"med","high","4Puertas","2P","small","low","unacc"
"med","high","4Puertas","2P","small","med","unacc"
"med","high","4Puertas","2P","small","high","unacc"
"med","high","4Puertas","2P","med","low","unacc"
"med","high","4Puertas","2P","med","med","unacc"
"med","high","4Puertas","2P","med","high","unacc"
"med","high","4Puertas","2P","big","low","unacc"
"med","high","4Puertas","2P","big","med","unacc"
"med","high","4Puertas","2P","big","high","unacc"
"med","high","4Puertas","4P","small","low","unacc"
"med","high","4Puertas","4P","small","med","unacc"
"med","high","4Puertas","4P","small","high","acc"
"med","high","4Puertas","4P","med","low","unacc"
"med","high","4Puertas","4P","med","med","acc"
"med","high","4Puertas","4P","med","high","acc"
"med","high","4Puertas","4P","big","low","unacc"
"med","high","4Puertas","4P","big","med","acc"
"med","high","4Puertas","4P","big","high","acc"
"med","high","4Puertas","4Mas","small","low","unacc"
"med","high","4Puertas","4Mas","small","med","unacc"
"med","high","4Puertas","4Mas","small","high","acc"
"med","high","4Puertas","4Mas","med","low","unacc"
"med","high","4Puertas","4Mas","med","med","acc"
"med","high","4Puertas","4Mas","med","high","acc"
"med","high","4Puertas","4Mas","big","low","unacc"
"med","high","4Puertas","4Mas","big","med","acc"
"med","high","4Puertas","4Mas","big","high","acc"
"med","high","5Mas","2P","small","low","unacc"
"med","high","5Mas","2P","small","med","unacc"
"med","high","5Mas","2P","small","high","unacc"
"med","high","5Mas","2P","med","low","unacc"
"med","high","5Mas","2P","med","med","unacc"
"med","high","5Mas","2P","med","high","unacc"
"med","high","5Mas","2P","big","low","unacc"
"med","high","5Mas","2P","big","med","unacc"
"med","high","5Mas","2P","big","high","unacc"
"med","high","5Mas","4P","small","low","unacc"
"med","high","5Mas","4P","small","med","unacc"
"med","high","5Mas","4P","small","high","acc"
"med","high","5Mas","4P","med","low","unacc"
"med","high","5Mas","4P","med","med","acc"
"med","high","5Mas","4P","med","high","acc"
"med","high","5Mas","4P","big","low","unacc"
"med","high","5Mas","4P","big","med","acc"
"med","high","5Mas","4P","big","high","acc"
"med","high","5Mas","4Mas","small","low","unacc"
"med","high","5Mas","4Mas","small","med","unacc"
"med","high","5Mas","4Mas","small","high","acc"
"med","high","5Mas","4Mas","med","low","unacc"
"med","high","5Mas","4Mas","med","med","acc"
"med","high","5Mas","4Mas","med","high","acc"
"med","high","5Mas","4Mas","big","low","unacc"
"med","high","5Mas","4Mas","big","med","acc"
"med","high","5Mas","4Mas","big","high","acc"
"med","med","2Puertas","2P","small","low","unacc"
"med","med","2Puertas","2P","small","med","unacc"
"med","med","2Puertas","2P","small","high","unacc"
"med","med","2Puertas","2P","med","low","unacc"
"med","med","2Puertas","2P","med","med","unacc"
"med","med","2Puertas","2P","med","high","unacc"
"med","med","2Puertas","2P","big","low","unacc"
"med","med","2Puertas","2P","big","med","unacc"
"med","med","2Puertas","2P","big","high","unacc"
"med","med","2Puertas","4P","small","low","unacc"
"med","med","2Puertas","4P","small","med","acc"
"med","med","2Puertas","4P","small","high","acc"
"med","med","2Puertas","4P","med","low","unacc"
"med","med","2Puertas","4P","med","med","acc"
"med","med","2Puertas","4P","med","high","acc"
"med","med","2Puertas","4P","big","low","unacc"
"med","med","2Puertas","4P","big","med","acc"
"med","med","2Puertas","4P","big","high","good"
"med","med","2Puertas","4Mas","small","low","unacc"
"med","med","2Puertas","4Mas","small","med","unacc"
"med","med","2Puertas","4Mas","small","high","unacc"
"med","med","2Puertas","4Mas","med","low","unacc"
"med","med","2Puertas","4Mas","med","med","acc"
"med","med","2Puertas","4Mas","med","high","acc"
"med","med","2Puertas","4Mas","big","low","unacc"
"med","med","2Puertas","4Mas","big","med","acc"
"med","med","2Puertas","4Mas","big","high","good"
"med","med","3Puertas","2P","small","low","unacc"
"med","med","3Puertas","2P","small","med","unacc"
"med","med","3Puertas","2P","small","high","unacc"
"med","med","3Puertas","2P","med","low","unacc"
"med","med","3Puertas","2P","med","med","unacc"
"med","med","3Puertas","2P","med","high","unacc"
"med","med","3Puertas","2P","big","low","unacc"
"med","med","3Puertas","2P","big","med","unacc"
"med","med","3Puertas","2P","big","high","unacc"
"med","med","3Puertas","4P","small","low","unacc"
"med","med","3Puertas","4P","small","med","acc"
"med","med","3Puertas","4P","small","high","acc"
"med","med","3Puertas","4P","med","low","unacc"
"med","med","3Puertas","4P","med","med","acc"
"med","med","3Puertas","4P","med","high","acc"
"med","med","3Puertas","4P","big","low","unacc"
"med","med","3Puertas","4P","big","med","acc"
"med","med","3Puertas","4P","big","high","good"
"med","med","3Puertas","4Mas","small","low","unacc"
"med","med","3Puertas","4Mas","small","med","acc"
"med","med","3Puertas","4Mas","small","high","acc"
"med","med","3Puertas","4Mas","med","low","unacc"
"med","med","3Puertas","4Mas","med","med","acc"
"med","med","3Puertas","4Mas","med","high","good"
"med","med","3Puertas","4Mas","big","low","unacc"
"med","med","3Puertas","4Mas","big","med","acc"
"med","med","3Puertas","4Mas","big","high","good"
"med","med","4Puertas","2P","small","low","unacc"
"med","med","4Puertas","2P","small","med","unacc"
"med","med","4Puertas","2P","small","high","unacc"
"med","med","4Puertas","2P","med","low","unacc"
"med","med","4Puertas","2P","med","med","unacc"
"med","med","4Puertas","2P","med","high","unacc"
"med","med","4Puertas","2P","big","low","unacc"
"med","med","4Puertas","2P","big","med","unacc"
"med","med","4Puertas","2P","big","high","unacc"
"med","med","4Puertas","4P","small","low","unacc"
"med","med","4Puertas","4P","small","med","acc"
"med","med","4Puertas","4P","small","high","acc"
"med","med","4Puertas","4P","med","low","unacc"
"med","med","4Puertas","4P","med","med","acc"
"med","med","4Puertas","4P","med","high","good"
"med","med","4Puertas","4P","big","low","unacc"
"med","med","4Puertas","4P","big","med","acc"
"med","med","4Puertas","4P","big","high","good"
"med","med","4Puertas","4Mas","small","low","unacc"
"med","med","4Puertas","4Mas","small","med","acc"
"med","med","4Puertas","4Mas","small","high","acc"
"med","med","4Puertas","4Mas","med","low","unacc"
"med","med","4Puertas","4Mas","med","med","acc"
"med","med","4Puertas","4Mas","med","high","good"
"med","med","4Puertas","4Mas","big","low","unacc"
"med","med","4Puertas","4Mas","big","med","acc"
"med","med","4Puertas","4Mas","big","high","good"
"med","med","5Mas","2P","small","low","unacc"
"med","med","5Mas","2P","small","med","unacc"
"med","med","5Mas","2P","small","high","unacc"
"med","med","5Mas","2P","med","low","unacc"
"med","med","5Mas","2P","med","med","unacc"
"med","med","5Mas","2P","med","high","unacc"
"med","med","5Mas","2P","big","low","unacc"
"med","med","5Mas","2P","big","med","unacc"
"med","med","5Mas","2P","big","high","unacc"
"med","med","5Mas","4P","small","low","unacc"
"med","med","5Mas","4P","small","med","acc"
"med","med","5Mas","4P","small","high","acc"
"med","med","5Mas","4P","med","low","unacc"
"med","med","5Mas","4P","med","med","acc"
"med","med","5Mas","4P","med","high","good"
"med","med","5Mas","4P","big","low","unacc"
"med","med","5Mas","4P","big","med","acc"
"med","med","5Mas","4P","big","high","good"
"med","med","5Mas","4Mas","small","low","unacc"
"med","med","5Mas","4Mas","small","med","acc"
"med","med","5Mas","4Mas","small","high","acc"
"med","med","5Mas","4Mas","med","low","unacc"
"med","med","5Mas","4Mas","med","med","acc"
"med","med","5Mas","4Mas","med","high","good"
"med","med","5Mas","4Mas","big","low","unacc"
"med","med","5Mas","4Mas","big","med","acc"
"med","med","5Mas","4Mas","big","high","good"
"med","low","2Puertas","2P","small","low","unacc"
"med","low","2Puertas","2P","small","med","unacc"
"med","low","2Puertas","2P","small","high","unacc"
"med","low","2Puertas","2P","med","low","unacc"
"med","low","2Puertas","2P","med","med","unacc"
"med","low","2Puertas","2P","med","high","unacc"
"med","low","2Puertas","2P","big","low","unacc"
"med","low","2Puertas","2P","big","med","unacc"
"med","low","2Puertas","2P","big","high","unacc"
"med","low","2Puertas","4P","small","low","unacc"
"med","low","2Puertas","4P","small","med","acc"
"med","low","2Puertas","4P","small","high","good"
"med","low","2Puertas","4P","med","low","unacc"
"med","low","2Puertas","4P","med","med","acc"
"med","low","2Puertas","4P","med","high","good"
"med","low","2Puertas","4P","big","low","unacc"
"med","low","2Puertas","4P","big","med","good"
"med","low","2Puertas","4P","big","high","good"
"med","low","2Puertas","4Mas","small","low","unacc"
"med","low","2Puertas","4Mas","small","med","unacc"
"med","low","2Puertas","4Mas","small","high","unacc"
"med","low","2Puertas","4Mas","med","low","unacc"
"med","low","2Puertas","4Mas","med","med","acc"
"med","low","2Puertas","4Mas","med","high","good"
"med","low","2Puertas","4Mas","big","low","unacc"
"med","low","2Puertas","4Mas","big","med","good"
"med","low","2Puertas","4Mas","big","high","good"
"med","low","3Puertas","2P","small","low","unacc"
"med","low","3Puertas","2P","small","med","unacc"
"med","low","3Puertas","2P","small","high","unacc"
"med","low","3Puertas","2P","med","low","unacc"
"med","low","3Puertas","2P","med","med","unacc"
"med","low","3Puertas","2P","med","high","unacc"
"med","low","3Puertas","2P","big","low","unacc"
"med","low","3Puertas","2P","big","med","unacc"
"med","low","3Puertas","2P","big","high","unacc"
"med","low","3Puertas","4P","small","low","unacc"
"med","low","3Puertas","4P","small","med","acc"
"med","low","3Puertas","4P","small","high","good"
"med","low","3Puertas","4P","med","low","unacc"
"med","low","3Puertas","4P","med","med","acc"
"med","low","3Puertas","4P","med","high","good"
"med","low","3Puertas","4P","big","low","unacc"
"med","low","3Puertas","4P","big","med","good"
"med","low","3Puertas","4P","big","high","good"
"med","low","3Puertas","4Mas","small","low","unacc"
"med","low","3Puertas","4Mas","small","med","acc"
"med","low","3Puertas","4Mas","small","high","good"
"med","low","3Puertas","4Mas","med","low","unacc"
"med","low","3Puertas","4Mas","med","med","good"
"med","low","3Puertas","4Mas","med","high","good"
"med","low","3Puertas","4Mas","big","low","unacc"
"med","low","3Puertas","4Mas","big","med","good"
"med","low","3Puertas","4Mas","big","high","good"
"med","low","4Puertas","2P","small","low","unacc"
"med","low","4Puertas","2P","small","med","unacc"
"med","low","4Puertas","2P","small","high","unacc"
"med","low","4Puertas","2P","med","low","unacc"
"med","low","4Puertas","2P","med","med","unacc"
"med","low","4Puertas","2P","med","high","unacc"
"med","low","4Puertas","2P","big","low","unacc"
"med","low","4Puertas","2P","big","med","unacc"
"med","low","4Puertas","2P","big","high","unacc"
"med","low","4Puertas","4P","small","low","unacc"
"med","low","4Puertas","4P","small","med","acc"
"med","low","4Puertas","4P","small","high","good"
"med","low","4Puertas","4P","med","low","unacc"
"med","low","4Puertas","4P","med","med","good"
"med","low","4Puertas","4P","med","high","good"
"med","low","4Puertas","4P","big","low","unacc"
"med","low","4Puertas","4P","big","med","good"
"med","low","4Puertas","4P","big","high","good"
"med","low","4Puertas","4Mas","small","low","unacc"
"med","low","4Puertas","4Mas","small","med","acc"
"med","low","4Puertas","4Mas","small","high","good"
"med","low","4Puertas","4Mas","med","low","unacc"
"med","low","4Puertas","4Mas","med","med","good"
"med","low","4Puertas","4Mas","med","high","good"
"med","low","4Puertas","4Mas","big","low","unacc"
"med","low","4Puertas","4Mas","big","med","good"
"med","low","4Puertas","4Mas","big","high","good"
"med","low","5Mas","2P","small","low","unacc"
"med","low","5Mas","2P","small","med","unacc"
"med","low","5Mas","2P","small","high","unacc"
"med","low","5Mas","2P","med","low","unacc"
"med","low","5Mas","2P","med","med","unacc"
"med","low","5Mas","2P","med","high","unacc"
"med","low","5Mas","2P","big","low","unacc"
"med","low","5Mas","2P","big","med","unacc"
"med","low","5Mas","2P","big","high","unacc"
"med","low","5Mas","4P","small","low","unacc"
"med","low","5Mas","4P","small","med","acc"
"med","low","5Mas","4P","small","high","good"
"med","low","5Mas","4P","med","low","unacc"
"med","low","5Mas","4P","med","med","good"
"med","low","5Mas","4P","med","high","good"
"med","low","5Mas","4P","big","low","unacc"
"med","low","5Mas","4P","big","med","good"
"med","low","5Mas","4P","big","high","good"
"med","low","5Mas","4Mas","small","low","unacc"
"med","low","5Mas","4Mas","small","med","acc"
"med","low","5Mas","4Mas","small","high","good"
"med","low","5Mas","4Mas","med","low","unacc"
"med","low","5Mas","4Mas","med","med","good"
"med","low","5Mas","4Mas","med","high","good"
"med","low","5Mas","4Mas","big","low","unacc"
"med","low","5Mas","4Mas","big","med","good"
"med","low","5Mas","4Mas","big","high","good"
"low","vhigh","2Puertas","2P","small","low","unacc"
"low","vhigh","2Puertas","2P","small","med","unacc"
"low","vhigh","2Puertas","2P","small","high","unacc"
"low","vhigh","2Puertas","2P","med","low","unacc"
"low","vhigh","2Puertas","2P","med","med","unacc"
"low","vhigh","2Puertas","2P","med","high","unacc"
"low","vhigh","2Puertas","2P","big","low","unacc"
"low","vhigh","2Puertas","2P","big","med","unacc"
"low","vhigh","2Puertas","2P","big","high","unacc"
"low","vhigh","2Puertas","4P","small","low","unacc"
"low","vhigh","2Puertas","4P","small","med","unacc"
"low","vhigh","2Puertas","4P","small","high","acc"
"low","vhigh","2Puertas","4P","med","low","unacc"
"low","vhigh","2Puertas","4P","med","med","unacc"
"low","vhigh","2Puertas","4P","med","high","acc"
"low","vhigh","2Puertas","4P","big","low","unacc"
"low","vhigh","2Puertas","4P","big","med","acc"
"low","vhigh","2Puertas","4P","big","high","acc"
"low","vhigh","2Puertas","4Mas","small","low","unacc"
"low","vhigh","2Puertas","4Mas","small","med","unacc"
"low","vhigh","2Puertas","4Mas","small","high","unacc"
"low","vhigh","2Puertas","4Mas","med","low","unacc"
"low","vhigh","2Puertas","4Mas","med","med","unacc"
"low","vhigh","2Puertas","4Mas","med","high","acc"
"low","vhigh","2Puertas","4Mas","big","low","unacc"
"low","vhigh","2Puertas","4Mas","big","med","acc"
"low","vhigh","2Puertas","4Mas","big","high","acc"
"low","vhigh","3Puertas","2P","small","low","unacc"
"low","vhigh","3Puertas","2P","small","med","unacc"
"low","vhigh","3Puertas","2P","small","high","unacc"
"low","vhigh","3Puertas","2P","med","low","unacc"
"low","vhigh","3Puertas","2P","med","med","unacc"
"low","vhigh","3Puertas","2P","med","high","unacc"
"low","vhigh","3Puertas","2P","big","low","unacc"
"low","vhigh","3Puertas","2P","big","med","unacc"
"low","vhigh","3Puertas","2P","big","high","unacc"
"low","vhigh","3Puertas","4P","small","low","unacc"
"low","vhigh","3Puertas","4P","small","med","unacc"
"low","vhigh","3Puertas","4P","small","high","acc"
"low","vhigh","3Puertas","4P","med","low","unacc"
"low","vhigh","3Puertas","4P","med","med","unacc"
"low","vhigh","3Puertas","4P","med","high","acc"
"low","vhigh","3Puertas","4P","big","low","unacc"
"low","vhigh","3Puertas","4P","big","med","acc"
"low","vhigh","3Puertas","4P","big","high","acc"
"low","vhigh","3Puertas","4Mas","small","low","unacc"
"low","vhigh","3Puertas","4Mas","small","med","unacc"
"low","vhigh","3Puertas","4Mas","small","high","acc"
"low","vhigh","3Puertas","4Mas","med","low","unacc"
"low","vhigh","3Puertas","4Mas","med","med","acc"
"low","vhigh","3Puertas","4Mas","med","high","acc"
"low","vhigh","3Puertas","4Mas","big","low","unacc"
"low","vhigh","3Puertas","4Mas","big","med","acc"
"low","vhigh","3Puertas","4Mas","big","high","acc"
"low","vhigh","4Puertas","2P","small","low","unacc"
"low","vhigh","4Puertas","2P","small","med","unacc"
"low","vhigh","4Puertas","2P","small","high","unacc"
"low","vhigh","4Puertas","2P","med","low","unacc"
"low","vhigh","4Puertas","2P","med","med","unacc"
"low","vhigh","4Puertas","2P","med","high","unacc"
"low","vhigh","4Puertas","2P","big","low","unacc"
"low","vhigh","4Puertas","2P","big","med","unacc"
"low","vhigh","4Puertas","2P","big","high","unacc"
"low","vhigh","4Puertas","4P","small","low","unacc"
"low","vhigh","4Puertas","4P","small","med","unacc"
"low","vhigh","4Puertas","4P","small","high","acc"
"low","vhigh","4Puertas","4P","med","low","unacc"
"low","vhigh","4Puertas","4P","med","med","acc"
"low","vhigh","4Puertas","4P","med","high","acc"
"low","vhigh","4Puertas","4P","big","low","unacc"
"low","vhigh","4Puertas","4P","big","med","acc"
"low","vhigh","4Puertas","4P","big","high","acc"
"low","vhigh","4Puertas","4Mas","small","low","unacc"
"low","vhigh","4Puertas","4Mas","small","med","unacc"
"low","vhigh","4Puertas","4Mas","small","high","acc"
"low","vhigh","4Puertas","4Mas","med","low","unacc"
"low","vhigh","4Puertas","4Mas","med","med","acc"
"low","vhigh","4Puertas","4Mas","med","high","acc"
"low","vhigh","4Puertas","4Mas","big","low","unacc"
"low","vhigh","4Puertas","4Mas","big","med","acc"
"low","vhigh","4Puertas","4Mas","big","high","acc"
"low","vhigh","5Mas","2P","small","low","unacc"
"low","vhigh","5Mas","2P","small","med","unacc"
"low","vhigh","5Mas","2P","small","high","unacc"
"low","vhigh","5Mas","2P","med","low","unacc"
"low","vhigh","5Mas","2P","med","med","unacc"
"low","vhigh","5Mas","2P","med","high","unacc"
"low","vhigh","5Mas","2P","big","low","unacc"
"low","vhigh","5Mas","2P","big","med","unacc"
"low","vhigh","5Mas","2P","big","high","unacc"
"low","vhigh","5Mas","4P","small","low","unacc"
"low","vhigh","5Mas","4P","small","med","unacc"
"low","vhigh","5Mas","4P","small","high","acc"
"low","vhigh","5Mas","4P","med","low","unacc"
"low","vhigh","5Mas","4P","med","med","acc"
"low","vhigh","5Mas","4P","med","high","acc"
"low","vhigh","5Mas","4P","big","low","unacc"
"low","vhigh","5Mas","4P","big","med","acc"
"low","vhigh","5Mas","4P","big","high","acc"
"low","vhigh","5Mas","4Mas","small","low","unacc"
"low","vhigh","5Mas","4Mas","small","med","unacc"
"low","vhigh","5Mas","4Mas","small","high","acc"
"low","vhigh","5Mas","4Mas","med","low","unacc"
"low","vhigh","5Mas","4Mas","med","med","acc"
"low","vhigh","5Mas","4Mas","med","high","acc"
"low","vhigh","5Mas","4Mas","big","low","unacc"
"low","vhigh","5Mas","4Mas","big","med","acc"
"low","vhigh","5Mas","4Mas","big","high","acc"
"low","high","2Puertas","2P","small","low","unacc"
"low","high","2Puertas","2P","small","med","unacc"
"low","high","2Puertas","2P","small","high","unacc"
"low","high","2Puertas","2P","med","low","unacc"
"low","high","2Puertas","2P","med","med","unacc"
"low","high","2Puertas","2P","med","high","unacc"
"low","high","2Puertas","2P","big","low","unacc"
"low","high","2Puertas","2P","big","med","unacc"
"low","high","2Puertas","2P","big","high","unacc"
"low","high","2Puertas","4P","small","low","unacc"
"low","high","2Puertas","4P","small","med","acc"
"low","high","2Puertas","4P","small","high","acc"
"low","high","2Puertas","4P","med","low","unacc"
"low","high","2Puertas","4P","med","med","acc"
"low","high","2Puertas","4P","med","high","acc"
"low","high","2Puertas","4P","big","low","unacc"
"low","high","2Puertas","4P","big","med","acc"
"low","high","2Puertas","4P","big","high","good"
"low","high","2Puertas","4Mas","small","low","unacc"
"low","high","2Puertas","4Mas","small","med","unacc"
"low","high","2Puertas","4Mas","small","high","unacc"
"low","high","2Puertas","4Mas","med","low","unacc"
"low","high","2Puertas","4Mas","med","med","acc"
"low","high","2Puertas","4Mas","med","high","acc"
"low","high","2Puertas","4Mas","big","low","unacc"
"low","high","2Puertas","4Mas","big","med","acc"
"low","high","2Puertas","4Mas","big","high","good"
"low","high","3Puertas","2P","small","low","unacc"
"low","high","3Puertas","2P","small","med","unacc"
"low","high","3Puertas","2P","small","high","unacc"
"low","high","3Puertas","2P","med","low","unacc"
"low","high","3Puertas","2P","med","med","unacc"
"low","high","3Puertas","2P","med","high","unacc"
"low","high","3Puertas","2P","big","low","unacc"
"low","high","3Puertas","2P","big","med","unacc"
"low","high","3Puertas","2P","big","high","unacc"
"low","high","3Puertas","4P","small","low","unacc"
"low","high","3Puertas","4P","small","med","acc"
"low","high","3Puertas","4P","small","high","acc"
"low","high","3Puertas","4P","med","low","unacc"
"low","high","3Puertas","4P","med","med","acc"
"low","high","3Puertas","4P","med","high","acc"
"low","high","3Puertas","4P","big","low","unacc"
"low","high","3Puertas","4P","big","med","acc"
"low","high","3Puertas","4P","big","high","good"
"low","high","3Puertas","4Mas","small","low","unacc"
"low","high","3Puertas","4Mas","small","med","acc"
"low","high","3Puertas","4Mas","small","high","acc"
"low","high","3Puertas","4Mas","med","low","unacc"
"low","high","3Puertas","4Mas","med","med","acc"
"low","high","3Puertas","4Mas","med","high","good"
"low","high","3Puertas","4Mas","big","low","unacc"
"low","high","3Puertas","4Mas","big","med","acc"
"low","high","3Puertas","4Mas","big","high","good"
"low","high","4Puertas","2P","small","low","unacc"
"low","high","4Puertas","2P","small","med","unacc"
"low","high","4Puertas","2P","small","high","unacc"
"low","high","4Puertas","2P","med","low","unacc"
"low","high","4Puertas","2P","med","med","unacc"
"low","high","4Puertas","2P","med","high","unacc"
"low","high","4Puertas","2P","big","low","unacc"
"low","high","4Puertas","2P","big","med","unacc"
"low","high","4Puertas","2P","big","high","unacc"
"low","high","4Puertas","4P","small","low","unacc"
"low","high","4Puertas","4P","small","med","acc"
"low","high","4Puertas","4P","small","high","acc"
"low","high","4Puertas","4P","med","low","unacc"
"low","high","4Puertas","4P","med","med","acc"
"low","high","4Puertas","4P","med","high","good"
"low","high","4Puertas","4P","big","low","unacc"
"low","high","4Puertas","4P","big","med","acc"
"low","high","4Puertas","4P","big","high","good"
"low","high","4Puertas","4Mas","small","low","unacc"
"low","high","4Puertas","4Mas","small","med","acc"
"low","high","4Puertas","4Mas","small","high","acc"
"low","high","4Puertas","4Mas","med","low","unacc"
"low","high","4Puertas","4Mas","med","med","acc"
"low","high","4Puertas","4Mas","med","high","good"
"low","high","4Puertas","4Mas","big","low","unacc"
"low","high","4Puertas","4Mas","big","med","acc"
"low","high","4Puertas","4Mas","big","high","good"
"low","high","5Mas","2P","small","low","unacc"
"low","high","5Mas","2P","small","med","unacc"
"low","high","5Mas","2P","small","high","unacc"
"low","high","5Mas","2P","med","low","unacc"
"low","high","5Mas","2P","med","med","unacc"
"low","high","5Mas","2P","med","high","unacc"
"low","high","5Mas","2P","big","low","unacc"
"low","high","5Mas","2P","big","med","unacc"
"low","high","5Mas","2P","big","high","unacc"
"low","high","5Mas","4P","small","low","unacc"
"low","high","5Mas","4P","small","med","acc"
"low","high","5Mas","4P","small","high","acc"
"low","high","5Mas","4P","med","low","unacc"
"low","high","5Mas","4P","med","med","acc"
"low","high","5Mas","4P","med","high","good"
"low","high","5Mas","4P","big","low","unacc"
"low","high","5Mas","4P","big","med","acc"
"low","high","5Mas","4P","big","high","good"
"low","high","5Mas","4Mas","small","low","unacc"
"low","high","5Mas","4Mas","small","med","acc"
"low","high","5Mas","4Mas","small","high","acc"
"low","high","5Mas","4Mas","med","low","unacc"
"low","high","5Mas","4Mas","med","med","acc"
"low","high","5Mas","4Mas","med","high","good"
"low","high","5Mas","4Mas","big","low","unacc"
"low","high","5Mas","4Mas","big","med","acc"
"low","high","5Mas","4Mas","big","high","good"
"low","med","2Puertas","2P","small","low","unacc"
"low","med","2Puertas","2P","small","med","unacc"
"low","med","2Puertas","2P","small","high","unacc"
"low","med","2Puertas","2P","med","low","unacc"
"low","med","2Puertas","2P","med","med","unacc"
"low","med","2Puertas","2P","med","high","unacc"
"low","med","2Puertas","2P","big","low","unacc"
"low","med","2Puertas","2P","big","med","unacc"
"low","med","2Puertas","2P","big","high","unacc"
"low","med","2Puertas","4P","small","low","unacc"
"low","med","2Puertas","4P","small","med","acc"
"low","med","2Puertas","4P","small","high","good"
"low","med","2Puertas","4P","med","low","unacc"
"low","med","2Puertas","4P","med","med","acc"
"low","med","2Puertas","4P","med","high","good"
"low","med","2Puertas","4P","big","low","unacc"
"low","med","2Puertas","4P","big","med","good"
"low","med","2Puertas","4P","big","high","good"
"low","med","2Puertas","4Mas","small","low","unacc"
"low","med","2Puertas","4Mas","small","med","unacc"
"low","med","2Puertas","4Mas","small","high","unacc"
"low","med","2Puertas","4Mas","med","low","unacc"
"low","med","2Puertas","4Mas","med","med","acc"
"low","med","2Puertas","4Mas","med","high","good"
"low","med","2Puertas","4Mas","big","low","unacc"
"low","med","2Puertas","4Mas","big","med","good"
"low","med","2Puertas","4Mas","big","high","good"
"low","med","3Puertas","2P","small","low","unacc"
"low","med","3Puertas","2P","small","med","unacc"
"low","med","3Puertas","2P","small","high","unacc"
"low","med","3Puertas","2P","med","low","unacc"
"low","med","3Puertas","2P","med","med","unacc"
"low","med","3Puertas","2P","med","high","unacc"
"low","med","3Puertas","2P","big","low","unacc"
"low","med","3Puertas","2P","big","med","unacc"
"low","med","3Puertas","2P","big","high","unacc"
"low","med","3Puertas","4P","small","low","unacc"
"low","med","3Puertas","4P","small","med","acc"
"low","med","3Puertas","4P","small","high","good"
"low","med","3Puertas","4P","med","low","unacc"
"low","med","3Puertas","4P","med","med","acc"
"low","med","3Puertas","4P","med","high","good"
"low","med","3Puertas","4P","big","low","unacc"
"low","med","3Puertas","4P","big","med","good"
"low","med","3Puertas","4P","big","high","good"
"low","med","3Puertas","4Mas","small","low","unacc"
"low","med","3Puertas","4Mas","small","med","acc"
"low","med","3Puertas","4Mas","small","high","good"
"low","med","3Puertas","4Mas","med","low","unacc"
"low","med","3Puertas","4Mas","med","med","good"
"low","med","3Puertas","4Mas","med","high","good"
"low","med","3Puertas","4Mas","big","low","unacc"
"low","med","3Puertas","4Mas","big","med","good"
"low","med","3Puertas","4Mas","big","high","good"
"low","med","4Puertas","2P","small","low","unacc"
"low","med","4Puertas","2P","small","med","unacc"
"low","med","4Puertas","2P","small","high","unacc"
"low","med","4Puertas","2P","med","low","unacc"
"low","med","4Puertas","2P","med","med","unacc"
"low","med","4Puertas","2P","med","high","unacc"
"low","med","4Puertas","2P","big","low","unacc"
"low","med","4Puertas","2P","big","med","unacc"
"low","med","4Puertas","2P","big","high","unacc"
"low","med","4Puertas","4P","small","low","unacc"
"low","med","4Puertas","4P","small","med","acc"
"low","med","4Puertas","4P","small","high","good"
"low","med","4Puertas","4P","med","low","unacc"
"low","med","4Puertas","4P","med","med","good"
"low","med","4Puertas","4P","med","high","good"
"low","med","4Puertas","4P","big","low","unacc"
"low","med","4Puertas","4P","big","med","good"
"low","med","4Puertas","4P","big","high","good"
"low","med","4Puertas","4Mas","small","low","unacc"
"low","med","4Puertas","4Mas","small","med","acc"
"low","med","4Puertas","4Mas","small","high","good"
"low","med","4Puertas","4Mas","med","low","unacc"
"low","med","4Puertas","4Mas","med","med","good"
"low","med","4Puertas","4Mas","med","high","good"
"low","med","4Puertas","4Mas","big","low","unacc"
"low","med","4Puertas","4Mas","big","med","good"
"low","med","4Puertas","4Mas","big","high","good"
"low","med","5Mas","2P","small","low","unacc"
"low","med","5Mas","2P","small","med","unacc"
"low","med","5Mas","2P","small","high","unacc"
"low","med","5Mas","2P","med","low","unacc"
"low","med","5Mas","2P","med","med","unacc"
"low","med","5Mas","2P","med","high","unacc"
"low","med","5Mas","2P","big","low","unacc"
"low","med","5Mas","2P","big","med","unacc"
"low","med","5Mas","2P","big","high","unacc"
"low","med","5Mas","4P","small","low","unacc"
"low","med","5Mas","4P","small","med","acc"
"low","med","5Mas","4P","small","high","good"
"low","med","5Mas","4P","med","low","unacc"
"low","med","5Mas","4P","med","med","good"
"low","med","5Mas","4P","med","high","good"
"low","med","5Mas","4P","big","low","unacc"
"low","med","5Mas","4P","big","med","good"
"low","med","5Mas","4P","big","high","good"
"low","med","5Mas","4Mas","small","low","unacc"
"low","med","5Mas","4Mas","small","med","acc"
"low","med","5Mas","4Mas","small","high","good"
"low","med","5Mas","4Mas","med","low","unacc"
"low","med","5Mas","4Mas","med","med","good"
"low","med","5Mas","4Mas","med","high","good"
"low","med","5Mas","4Mas","big","low","unacc"
"low","med","5Mas","4Mas","big","med","good"
"low","med","5Mas","4Mas","big","high","good"
"low","low","2Puertas","2P","small","low","unacc"
"low","low","2Puertas","2P","small","med","unacc"
"low","low","2Puertas","2P","small","high","unacc"
"low","low","2Puertas","2P","med","low","unacc"
"low","low","2Puertas","2P","med","med","unacc"
"low","low","2Puertas","2P","med","high","unacc"
"low","low","2Puertas","2P","big","low","unacc"
"low","low","2Puertas","2P","big","med","unacc"
"low","low","2Puertas","2P","big","high","unacc"
"low","low","2Puertas","4P","small","low","unacc"
"low","low","2Puertas","4P","small","med","acc"
"low","low","2Puertas","4P","small","high","good"
"low","low","2Puertas","4P","med","low","unacc"
"low","low","2Puertas","4P","med","med","acc"
"low","low","2Puertas","4P","med","high","good"
"low","low","2Puertas","4P","big","low","unacc"
"low","low","2Puertas","4P","big","med","good"
"low","low","2Puertas","4P","big","high","good"
"low","low","2Puertas","4Mas","small","low","unacc"
"low","low","2Puertas","4Mas","small","med","unacc"
"low","low","2Puertas","4Mas","small","high","unacc"
"low","low","2Puertas","4Mas","med","low","unacc"
"low","low","2Puertas","4Mas","med","med","acc"
"low","low","2Puertas","4Mas","med","high","good"
"low","low","2Puertas","4Mas","big","low","unacc"
"low","low","2Puertas","4Mas","big","med","good"
"low","low","2Puertas","4Mas","big","high","good"
"low","low","3Puertas","2P","small","low","unacc"
"low","low","3Puertas","2P","small","med","unacc"
"low","low","3Puertas","2P","small","high","unacc"
"low","low","3Puertas","2P","med","low","unacc"
"low","low","3Puertas","2P","med","med","unacc"
"low","low","3Puertas","2P","med","high","unacc"
"low","low","3Puertas","2P","big","low","unacc"
"low","low","3Puertas","2P","big","med","unacc"
"low","low","3Puertas","2P","big","high","unacc"
"low","low","3Puertas","4P","small","low","unacc"
"low","low","3Puertas","4P","small","med","acc"
"low","low","3Puertas","4P","small","high","good"
"low","low","3Puertas","4P","med","low","unacc"
"low","low","3Puertas","4P","med","med","acc"
"low","low","3Puertas","4P","med","high","good"
"low","low","3Puertas","4P","big","low","unacc"
"low","low","3Puertas","4P","big","med","good"
"low","low","3Puertas","4P","big","high","good"
"low","low","3Puertas","4Mas","small","low","unacc"
"low","low","3Puertas","4Mas","small","med","acc"
"low","low","3Puertas","4Mas","small","high","good"
"low","low","3Puertas","4Mas","med","low","unacc"
"low","low","3Puertas","4Mas","med","med","good"
"low","low","3Puertas","4Mas","med","high","good"
"low","low","3Puertas","4Mas","big","low","unacc"
"low","low","3Puertas","4Mas","big","med","good"
"low","low","3Puertas","4Mas","big","high","good"
"low","low","4Puertas","2P","small","low","unacc"
"low","low","4Puertas","2P","small","med","unacc"
"low","low","4Puertas","2P","small","high","unacc"
"low","low","4Puertas","2P","med","low","unacc"
"low","low","4Puertas","2P","med","med","unacc"
"low","low","4Puertas","2P","med","high","unacc"
"low","low","4Puertas","2P","big","low","unacc"
"low","low","4Puertas","2P","big","med","unacc"
"low","low","4Puertas","2P","big","high","unacc"
"low","low","4Puertas","4P","small","low","unacc"
"low","low","4Puertas","4P","small","med","acc"
"low","low","4Puertas","4P","small","high","good"
"low","low","4Puertas","4P","med","low","unacc"
"low","low","4Puertas","4P","med","med","good"
"low","low","4Puertas","4P","med","high","good"
"low","low","4Puertas","4P","big","low","unacc"
"low","low","4Puertas","4P","big","med","good"
"low","low","4Puertas","4P","big","high","good"
"low","low","4Puertas","4Mas","small","low","unacc"
"low","low","4Puertas","4Mas","small","med","acc"
"low","low","4Puertas","4Mas","small","high","good"
"low","low","4Puertas","4Mas","med","low","unacc"
"low","low","4Puertas","4Mas","med","med","good"
"low","low","4Puertas","4Mas","med","high","good"
"low","low","4Puertas","4Mas","big","low","unacc"
"low","low","4Puertas","4Mas","big","med","good"
"low","low","4Puertas","4Mas","big","high","good"
"low","low","5Mas","2P","small","low","unacc"
"low","low","5Mas","2P","small","med","unacc"
"low","low","5Mas","2P","small","high","unacc"
"low","low","5Mas","2P","med","low","unacc"
"low","low","5Mas","2P","med","med","unacc"
"low","low","5Mas","2P","med","high","unacc"
"low","low","5Mas","2P","big","low","unacc"
"low","low","5Mas","2P","big","med","unacc"
"low","low","5Mas","2P","big","high","unacc"
"low","low","5Mas","4P","small","low","unacc"
"low","low","5Mas","4P","small","med","acc"
"low","low","5Mas","4P","small","high","good"
"low","low","5Mas","4P","med","low","unacc"
"low","low","5Mas","4P","med","med","good"
"low","low","5Mas","4P","med","high","good"
"low","low","5Mas","4P","big","low","unacc"
"low","low","5Mas","4P","big","med","good"
"low","low","5Mas","4P","big","high","good"
"low","low","5Mas","4Mas","small","low","unacc"
"low","low","5Mas","4Mas","small","med","acc"
"low","low","5Mas","4Mas","small","high","good"
"low","low","5Mas","4Mas","med","low","unacc"
"low","low","5Mas","4Mas","med","med","good"
"low","low","5Mas","4Mas","med","high","good"
"low","low","5Mas","4Mas","big","low","unacc"
"low","low","5Mas","4Mas","big","med","good"
"low","low","5Mas","4Mas","big","high","good"
